SESU_ID,landscape_label,year,outcome,outcome_label,side,side_label,n,y,proportion,governance_profile,profile_label,source_file
1,Depression,2001,fire,Fire,exterior_facing,Outside,10019,1682,16.7881026050504,Neither actor dominant,Fragmented control,analysis_spatial_falsification_revised_dev/tables/boundary_surface_summary.csv
1,Depression,2001,fire,Fire,interior_facing,Inside,7612,1818,23.8833420914346,Neither actor dominant,Fragmented control,analysis_spatial_falsification_revised_dev/tables/boundary_surface_summary.csv
1,Depression,2002,fire,Fire,exterior_facing,Outside,10019,3811,38.0377283161992,Neither actor dominant,Fragmented control,analysis_spatial_falsification_revised_dev/tables/boundary_surface_summary.csv
1,Depression,2002,fire,Fire,interior_facing,Inside,7612,3246,42.6431949553337,Neither actor dominant,Fragmented control,analysis_spatial_falsification_revised_dev/tables/boundary_surface_summary.csv
1,Depression,2003,fire,Fire,exterior_facing,Outside,10019,4569,45.6033536281066,Neither actor dominant,Fragmented control,analysis_spatial_falsification_revised_dev/tables/boundary_surface_summary.csv
1,Depression,2003,fire,Fire,interior_facing,Inside,7612,4362,57.3042564372044,Neither actor dominant,Fragmented control,analysis_spatial_falsification_revised_dev/tables/boundary_surface_summary.csv
1,Depression,2004,fire,Fire,exterior_facing,Outside,10019,4963,49.5358818245334,Militia dominant,Militia-centred control,analysis_spatial_falsification_revised_dev/tables/boundary_surface_summary.csv
1,Depression,2004,fire,Fire,interior_facing,Inside,7612,4142,54.4140830267998,Militia dominant,Militia-centred control,analysis_spatial_falsification_revised_dev/tables/boundary_surface_summary.csv
1,Depression,2005,fire,Fire,exterior_facing,Outside,10019,5494,54.8358119572812,Militia dominant,Militia-centred control,analysis_spatial_falsification_revised_dev/tables/boundary_surface_summary.csv
1,Depression,2005,fire,Fire,interior_facing,Inside,7612,4380,57.540725170783,Militia dominant,Militia-centred control,analysis_spatial_falsification_revised_dev/tables/boundary_surface_summary.csv
1,Depression,2006,fire,Fire,exterior_facing,Outside,10019,5040,50.304421598962,Militia dominant,Militia-centred control,analysis_spatial_falsification_revised_dev/tables/boundary_surface_summary.csv
1,Depression,2006,fire,Fire,interior_facing,Inside,7612,3970,52.154492905938,Militia dominant,Militia-centred control,analysis_spatial_falsification_revised_dev/tables/boundary_surface_summary.csv
1,Depression,2007,fire,Fire,exterior_facing,Outside,10019,3738,37.3091126858968,Neither actor dominant,Fragmented control,analysis_spatial_falsification_revised_dev/tables/boundary_surface_summary.csv
1,Depression,2007,fire,Fire,interior_facing,Inside,7612,3603,47.3331581713085,Neither actor dominant,Fragmented control,analysis_spatial_falsification_revised_dev/tables/boundary_surface_summary.csv
1,Depression,2008,fire,Fire,exterior_facing,Outside,10019,4667,46.5814951591975,Neither actor dominant,Fragmented control,analysis_spatial_falsification_revised_dev/tables/boundary_surface_summary.csv
1,Depression,2008,fire,Fire,interior_facing,Inside,7612,4077,53.5601681555439,Neither actor dominant,Fragmented control,analysis_spatial_falsification_revised_dev/tables/boundary_surface_summary.csv
1,Depression,2009,fire,Fire,exterior_facing,Outside,10019,5205,51.9512925441661,Neither actor dominant,Fragmented control,analysis_spatial_falsification_revised_dev/tables/boundary_surface_summary.csv
1,Depression,2009,fire,Fire,interior_facing,Inside,7612,4033,52.982133473463,Neither actor dominant,Fragmented control,analysis_spatial_falsification_revised_dev/tables/boundary_surface_summary.csv
1,Depression,2010,fire,Fire,exterior_facing,Outside,10019,4531,45.2240742589081,Neither actor dominant,Fragmented control,analysis_spatial_falsification_revised_dev/tables/boundary_surface_summary.csv
1,Depression,2010,fire,Fire,interior_facing,Inside,7612,3805,49.9868628481345,Neither actor dominant,Fragmented control,analysis_spatial_falsification_revised_dev/tables/boundary_surface_summary.csv
1,Depression,2011,fire,Fire,exterior_facing,Outside,10019,4646,46.3718934025352,Neither actor dominant,Fragmented control,analysis_spatial_falsification_revised_dev/tables/boundary_surface_summary.csv
1,Depression,2011,fire,Fire,interior_facing,Inside,7612,3603,47.3331581713085,Neither actor dominant,Fragmented control,analysis_spatial_falsification_revised_dev/tables/boundary_surface_summary.csv
1,Depression,2012,fire,Fire,exterior_facing,Outside,10019,3933,39.2554147120471,Neither actor dominant,Fragmented control,analysis_spatial_falsification_revised_dev/tables/boundary_surface_summary.csv
1,Depression,2012,fire,Fire,interior_facing,Inside,7612,3292,43.2475039411456,Neither actor dominant,Fragmented control,analysis_spatial_falsification_revised_dev/tables/boundary_surface_summary.csv
1,Depression,2013,fire,Fire,exterior_facing,Outside,10019,4381,43.7269188541771,Militia dominant,Militia-centred control,analysis_spatial_falsification_revised_dev/tables/boundary_surface_summary.csv
1,Depression,2013,fire,Fire,interior_facing,Inside,7612,3281,43.1029952706253,Militia dominant,Militia-centred control,analysis_spatial_falsification_revised_dev/tables/boundary_surface_summary.csv
1,Depression,2014,fire,Fire,exterior_facing,Outside,10019,3743,37.3590178660545,Militia dominant,Militia-centred control,analysis_spatial_falsification_revised_dev/tables/boundary_surface_summary.csv
1,Depression,2014,fire,Fire,interior_facing,Inside,7612,2965,38.9516552811351,Militia dominant,Militia-centred control,analysis_spatial_falsification_revised_dev/tables/boundary_surface_summary.csv
1,Depression,2015,fire,Fire,exterior_facing,Outside,10019,4428,44.1960275476595,Militia dominant,Militia-centred control,analysis_spatial_falsification_revised_dev/tables/boundary_surface_summary.csv
1,Depression,2015,fire,Fire,interior_facing,Inside,7612,3741,49.1460851287441,Militia dominant,Militia-centred control,analysis_spatial_falsification_revised_dev/tables/boundary_surface_summary.csv
1,Depression,2016,fire,Fire,exterior_facing,Outside,10019,3389,33.8257311108893,Militia dominant,Militia-centred control,analysis_spatial_falsification_revised_dev/tables/boundary_surface_summary.csv
1,Depression,2016,fire,Fire,interior_facing,Inside,7612,2957,38.8465580662112,Militia dominant,Militia-centred control,analysis_spatial_falsification_revised_dev/tables/boundary_surface_summary.csv
1,Depression,2017,fire,Fire,exterior_facing,Outside,10019,4118,41.101906377882,Park dominant,Park-centred control,analysis_spatial_falsification_revised_dev/tables/boundary_surface_summary.csv
1,Depression,2017,fire,Fire,interior_facing,Inside,7612,3148,41.3557540725171,Park dominant,Park-centred control,analysis_spatial_falsification_revised_dev/tables/boundary_surface_summary.csv
1,Depression,2018,fire,Fire,exterior_facing,Outside,10019,3514,35.0733606148318,Park dominant,Park-centred control,analysis_spatial_falsification_revised_dev/tables/boundary_surface_summary.csv
1,Depression,2018,fire,Fire,interior_facing,Inside,7612,3455,45.3888596952181,Park dominant,Park-centred control,analysis_spatial_falsification_revised_dev/tables/boundary_surface_summary.csv
1,Depression,2019,fire,Fire,exterior_facing,Outside,10019,3941,39.3352630002994,Park dominant,Park-centred control,analysis_spatial_falsification_revised_dev/tables/boundary_surface_summary.csv
1,Depression,2019,fire,Fire,interior_facing,Inside,7612,3070,40.33105622701,Park dominant,Park-centred control,analysis_spatial_falsification_revised_dev/tables/boundary_surface_summary.csv
1,Depression,2020,fire,Fire,exterior_facing,Outside,10019,3052,30.4621219682603,Park dominant,Park-centred control,analysis_spatial_falsification_revised_dev/tables/boundary_surface_summary.csv
1,Depression,2020,fire,Fire,interior_facing,Inside,7612,3100,40.7251707829743,Park dominant,Park-centred control,analysis_spatial_falsification_revised_dev/tables/boundary_surface_summary.csv
1,Depression,2021,fire,Fire,exterior_facing,Outside,10019,3710,37.0296436770137,Park dominant,Park-centred control,analysis_spatial_falsification_revised_dev/tables/boundary_surface_summary.csv
1,Depression,2021,fire,Fire,interior_facing,Inside,7612,3071,40.3441933788755,Park dominant,Park-centred control,analysis_spatial_falsification_revised_dev/tables/boundary_surface_summary.csv
1,Depression,2022,fire,Fire,exterior_facing,Outside,10019,2841,28.3561233656054,Park dominant,Park-centred control,analysis_spatial_falsification_revised_dev/tables/boundary_surface_summary.csv
1,Depression,2022,fire,Fire,interior_facing,Inside,7612,2626,34.4981607987388,Park dominant,Park-centred control,analysis_spatial_falsification_revised_dev/tables/boundary_surface_summary.csv
3,Plateau,2001,fire,Fire,exterior_facing,Outside,11987,4451,37.1318928839576,Neither actor dominant,Fragmented control,analysis_spatial_falsification_revised_dev/tables/boundary_surface_summary.csv
3,Plateau,2001,fire,Fire,interior_facing,Inside,12936,5858,45.2844774273346,Neither actor dominant,Fragmented control,analysis_spatial_falsification_revised_dev/tables/boundary_surface_summary.csv
3,Plateau,2002,fire,Fire,exterior_facing,Outside,11987,7053,58.838741970468,Neither actor dominant,Fragmented control,analysis_spatial_falsification_revised_dev/tables/boundary_surface_summary.csv
3,Plateau,2002,fire,Fire,interior_facing,Inside,12936,7531,58.217377860235,Neither actor dominant,Fragmented control,analysis_spatial_falsification_revised_dev/tables/boundary_surface_summary.csv
3,Plateau,2003,fire,Fire,exterior_facing,Outside,11987,8092,67.5064653374489,Neither actor dominant,Fragmented control,analysis_spatial_falsification_revised_dev/tables/boundary_surface_summary.csv
3,Plateau,2003,fire,Fire,interior_facing,Inside,12936,8947,69.1635745207174,Neither actor dominant,Fragmented control,analysis_spatial_falsification_revised_dev/tables/boundary_surface_summary.csv
3,Plateau,2004,fire,Fire,exterior_facing,Outside,11987,8709,72.6537081838659,Militia dominant,Militia-centred control,analysis_spatial_falsification_revised_dev/tables/boundary_surface_summary.csv
3,Plateau,2004,fire,Fire,interior_facing,Inside,12936,9201,71.1270871985158,Militia dominant,Militia-centred control,analysis_spatial_falsification_revised_dev/tables/boundary_surface_summary.csv
3,Plateau,2005,fire,Fire,exterior_facing,Outside,11987,8488,70.8100442145658,Militia dominant,Militia-centred control,analysis_spatial_falsification_revised_dev/tables/boundary_surface_summary.csv
3,Plateau,2005,fire,Fire,interior_facing,Inside,12936,8951,69.1944959802103,Militia dominant,Militia-centred control,analysis_spatial_falsification_revised_dev/tables/boundary_surface_summary.csv
3,Plateau,2006,fire,Fire,exterior_facing,Outside,11987,8225,68.6160006673897,Militia dominant,Militia-centred control,analysis_spatial_falsification_revised_dev/tables/boundary_surface_summary.csv
3,Plateau,2006,fire,Fire,interior_facing,Inside,12936,8364,64.656771799629,Militia dominant,Militia-centred control,analysis_spatial_falsification_revised_dev/tables/boundary_surface_summary.csv
3,Plateau,2007,fire,Fire,exterior_facing,Outside,11987,6691,55.8188037040127,Neither actor dominant,Fragmented control,analysis_spatial_falsification_revised_dev/tables/boundary_surface_summary.csv
3,Plateau,2007,fire,Fire,interior_facing,Inside,12936,7620,58.9053803339518,Neither actor dominant,Fragmented control,analysis_spatial_falsification_revised_dev/tables/boundary_surface_summary.csv
3,Plateau,2008,fire,Fire,exterior_facing,Outside,11987,7866,65.6210895136398,Neither actor dominant,Fragmented control,analysis_spatial_falsification_revised_dev/tables/boundary_surface_summary.csv
3,Plateau,2008,fire,Fire,interior_facing,Inside,12936,8514,65.8163265306123,Neither actor dominant,Fragmented control,analysis_spatial_falsification_revised_dev/tables/boundary_surface_summary.csv
3,Plateau,2009,fire,Fire,exterior_facing,Outside,11987,8131,67.8318178026195,Neither actor dominant,Fragmented control,analysis_spatial_falsification_revised_dev/tables/boundary_surface_summary.csv
3,Plateau,2009,fire,Fire,interior_facing,Inside,12936,8880,68.6456400742115,Neither actor dominant,Fragmented control,analysis_spatial_falsification_revised_dev/tables/boundary_surface_summary.csv
3,Plateau,2010,fire,Fire,exterior_facing,Outside,11987,8049,67.1477433886711,Neither actor dominant,Fragmented control,analysis_spatial_falsification_revised_dev/tables/boundary_surface_summary.csv
3,Plateau,2010,fire,Fire,interior_facing,Inside,12936,8635,66.7517006802721,Neither actor dominant,Fragmented control,analysis_spatial_falsification_revised_dev/tables/boundary_surface_summary.csv
3,Plateau,2011,fire,Fire,exterior_facing,Outside,11987,7788,64.9703845832986,Park dominant,Park-centred control,analysis_spatial_falsification_revised_dev/tables/boundary_surface_summary.csv
3,Plateau,2011,fire,Fire,interior_facing,Inside,12936,8147,62.9792826221398,Park dominant,Park-centred control,analysis_spatial_falsification_revised_dev/tables/boundary_surface_summary.csv
3,Plateau,2012,fire,Fire,exterior_facing,Outside,11987,7981,66.580462167348,Park dominant,Park-centred control,analysis_spatial_falsification_revised_dev/tables/boundary_surface_summary.csv
3,Plateau,2012,fire,Fire,interior_facing,Inside,12936,7955,61.4950525664811,Park dominant,Park-centred control,analysis_spatial_falsification_revised_dev/tables/boundary_surface_summary.csv
3,Plateau,2013,fire,Fire,exterior_facing,Outside,11987,8125,67.7817635772086,Militia dominant,Militia-centred control,analysis_spatial_falsification_revised_dev/tables/boundary_surface_summary.csv
3,Plateau,2013,fire,Fire,interior_facing,Inside,12936,7921,61.2322201607916,Militia dominant,Militia-centred control,analysis_spatial_falsification_revised_dev/tables/boundary_surface_summary.csv
3,Plateau,2014,fire,Fire,exterior_facing,Outside,11987,7916,66.0382080587303,Militia dominant,Militia-centred control,analysis_spatial_falsification_revised_dev/tables/boundary_surface_summary.csv
3,Plateau,2014,fire,Fire,interior_facing,Inside,12936,8066,62.3531230674088,Militia dominant,Militia-centred control,analysis_spatial_falsification_revised_dev/tables/boundary_surface_summary.csv
3,Plateau,2015,fire,Fire,exterior_facing,Outside,11987,7486,62.4509885709519,Militia dominant,Militia-centred control,analysis_spatial_falsification_revised_dev/tables/boundary_surface_summary.csv
3,Plateau,2015,fire,Fire,interior_facing,Inside,12936,8158,63.0643166357452,Militia dominant,Militia-centred control,analysis_spatial_falsification_revised_dev/tables/boundary_surface_summary.csv
3,Plateau,2016,fire,Fire,exterior_facing,Outside,11987,7468,62.3008258947193,Park dominant,Park-centred control,analysis_spatial_falsification_revised_dev/tables/boundary_surface_summary.csv
3,Plateau,2016,fire,Fire,interior_facing,Inside,12936,7733,59.7789115646259,Park dominant,Park-centred control,analysis_spatial_falsification_revised_dev/tables/boundary_surface_summary.csv
3,Plateau,2017,fire,Fire,exterior_facing,Outside,11987,7900,65.9047301243013,Park dominant,Park-centred control,analysis_spatial_falsification_revised_dev/tables/boundary_surface_summary.csv
3,Plateau,2017,fire,Fire,interior_facing,Inside,12936,8243,63.7213976499691,Park dominant,Park-centred control,analysis_spatial_falsification_revised_dev/tables/boundary_surface_summary.csv
3,Plateau,2018,fire,Fire,exterior_facing,Outside,11987,7956,66.3719028948027,Park dominant,Park-centred control,analysis_spatial_falsification_revised_dev/tables/boundary_surface_summary.csv
3,Plateau,2018,fire,Fire,interior_facing,Inside,12936,8192,63.3271490414348,Park dominant,Park-centred control,analysis_spatial_falsification_revised_dev/tables/boundary_surface_summary.csv
3,Plateau,2019,fire,Fire,exterior_facing,Outside,11987,6941,57.9043964294653,Park dominant,Park-centred control,analysis_spatial_falsification_revised_dev/tables/boundary_surface_summary.csv
3,Plateau,2019,fire,Fire,interior_facing,Inside,12936,7808,60.3586889301175,Park dominant,Park-centred control,analysis_spatial_falsification_revised_dev/tables/boundary_surface_summary.csv
3,Plateau,2020,fire,Fire,exterior_facing,Outside,11987,6722,56.0774172019688,Park dominant,Park-centred control,analysis_spatial_falsification_revised_dev/tables/boundary_surface_summary.csv
3,Plateau,2020,fire,Fire,interior_facing,Inside,12936,7443,57.5371057513915,Park dominant,Park-centred control,analysis_spatial_falsification_revised_dev/tables/boundary_surface_summary.csv
3,Plateau,2021,fire,Fire,exterior_facing,Outside,11987,6865,57.2703762409277,Park dominant,Park-centred control,analysis_spatial_falsification_revised_dev/tables/boundary_surface_summary.csv
3,Plateau,2021,fire,Fire,interior_facing,Inside,12936,7498,57.9622758194187,Park dominant,Park-centred control,analysis_spatial_falsification_revised_dev/tables/boundary_surface_summary.csv
3,Plateau,2022,fire,Fire,exterior_facing,Outside,11987,6821,56.903311921248,Park dominant,Park-centred control,analysis_spatial_falsification_revised_dev/tables/boundary_surface_summary.csv
3,Plateau,2022,fire,Fire,interior_facing,Inside,12936,7790,60.2195423623995,Park dominant,Park-centred control,analysis_spatial_falsification_revised_dev/tables/boundary_surface_summary.csv
1,Depression,2001,tree_cover_loss,Tree-cover loss,exterior_facing,Outside,10019,1,0.00998103603154007,Neither actor dominant,Fragmented control,analysis_spatial_falsification_revised_dev/tables/boundary_surface_summary.csv
1,Depression,2001,tree_cover_loss,Tree-cover loss,interior_facing,Inside,7612,0,0,Neither actor dominant,Fragmented control,analysis_spatial_falsification_revised_dev/tables/boundary_surface_summary.csv
1,Depression,2002,tree_cover_loss,Tree-cover loss,exterior_facing,Outside,10018,11,0.109802355759633,Neither actor dominant,Fragmented control,analysis_spatial_falsification_revised_dev/tables/boundary_surface_summary.csv
1,Depression,2002,tree_cover_loss,Tree-cover loss,interior_facing,Inside,7612,23,0.302154492905938,Neither actor dominant,Fragmented control,analysis_spatial_falsification_revised_dev/tables/boundary_surface_summary.csv
1,Depression,2003,tree_cover_loss,Tree-cover loss,exterior_facing,Outside,10007,8,0.0799440391725792,Neither actor dominant,Fragmented control,analysis_spatial_falsification_revised_dev/tables/boundary_surface_summary.csv
1,Depression,2003,tree_cover_loss,Tree-cover loss,interior_facing,Inside,7589,1,0.0131769666622743,Neither actor dominant,Fragmented control,analysis_spatial_falsification_revised_dev/tables/boundary_surface_summary.csv
1,Depression,2004,tree_cover_loss,Tree-cover loss,exterior_facing,Outside,9999,6,0.06000600060006,Militia dominant,Militia-centred control,analysis_spatial_falsification_revised_dev/tables/boundary_surface_summary.csv
1,Depression,2004,tree_cover_loss,Tree-cover loss,interior_facing,Inside,7588,5,0.0658935160780179,Militia dominant,Militia-centred control,analysis_spatial_falsification_revised_dev/tables/boundary_surface_summary.csv
1,Depression,2005,tree_cover_loss,Tree-cover loss,exterior_facing,Outside,9993,2,0.0200140098068648,Militia dominant,Militia-centred control,analysis_spatial_falsification_revised_dev/tables/boundary_surface_summary.csv
1,Depression,2005,tree_cover_loss,Tree-cover loss,interior_facing,Inside,7583,3,0.0395621785572992,Militia dominant,Militia-centred control,analysis_spatial_falsification_revised_dev/tables/boundary_surface_summary.csv
1,Depression,2006,tree_cover_loss,Tree-cover loss,exterior_facing,Outside,9991,8,0.0800720648583725,Militia dominant,Militia-centred control,analysis_spatial_falsification_revised_dev/tables/boundary_surface_summary.csv
1,Depression,2006,tree_cover_loss,Tree-cover loss,interior_facing,Inside,7580,0,0,Militia dominant,Militia-centred control,analysis_spatial_falsification_revised_dev/tables/boundary_surface_summary.csv
1,Depression,2007,tree_cover_loss,Tree-cover loss,exterior_facing,Outside,9983,5,0.0500851447460683,Neither actor dominant,Fragmented control,analysis_spatial_falsification_revised_dev/tables/boundary_surface_summary.csv
1,Depression,2007,tree_cover_loss,Tree-cover loss,interior_facing,Inside,7580,1,0.0131926121372032,Neither actor dominant,Fragmented control,analysis_spatial_falsification_revised_dev/tables/boundary_surface_summary.csv
1,Depression,2008,tree_cover_loss,Tree-cover loss,exterior_facing,Outside,9978,14,0.140308679094007,Neither actor dominant,Fragmented control,analysis_spatial_falsification_revised_dev/tables/boundary_surface_summary.csv
1,Depression,2008,tree_cover_loss,Tree-cover loss,interior_facing,Inside,7579,8,0.105554822535955,Neither actor dominant,Fragmented control,analysis_spatial_falsification_revised_dev/tables/boundary_surface_summary.csv
1,Depression,2009,tree_cover_loss,Tree-cover loss,exterior_facing,Outside,9964,20,0.200722601364914,Neither actor dominant,Fragmented control,analysis_spatial_falsification_revised_dev/tables/boundary_surface_summary.csv
1,Depression,2009,tree_cover_loss,Tree-cover loss,interior_facing,Inside,7571,13,0.171707832518822,Neither actor dominant,Fragmented control,analysis_spatial_falsification_revised_dev/tables/boundary_surface_summary.csv
1,Depression,2010,tree_cover_loss,Tree-cover loss,exterior_facing,Outside,9944,5,0.0502815768302494,Neither actor dominant,Fragmented control,analysis_spatial_falsification_revised_dev/tables/boundary_surface_summary.csv
1,Depression,2010,tree_cover_loss,Tree-cover loss,interior_facing,Inside,7558,3,0.0396930404869013,Neither actor dominant,Fragmented control,analysis_spatial_falsification_revised_dev/tables/boundary_surface_summary.csv
1,Depression,2011,tree_cover_loss,Tree-cover loss,exterior_facing,Outside,9939,22,0.221350236442298,Neither actor dominant,Fragmented control,analysis_spatial_falsification_revised_dev/tables/boundary_surface_summary.csv
1,Depression,2011,tree_cover_loss,Tree-cover loss,interior_facing,Inside,7555,17,0.225016545334216,Neither actor dominant,Fragmented control,analysis_spatial_falsification_revised_dev/tables/boundary_surface_summary.csv
1,Depression,2012,tree_cover_loss,Tree-cover loss,exterior_facing,Outside,9917,93,0.937783603912474,Neither actor dominant,Fragmented control,analysis_spatial_falsification_revised_dev/tables/boundary_surface_summary.csv
1,Depression,2012,tree_cover_loss,Tree-cover loss,interior_facing,Inside,7538,48,0.636773680021226,Neither actor dominant,Fragmented control,analysis_spatial_falsification_revised_dev/tables/boundary_surface_summary.csv
1,Depression,2013,tree_cover_loss,Tree-cover loss,exterior_facing,Outside,9824,3,0.0305374592833876,Militia dominant,Militia-centred control,analysis_spatial_falsification_revised_dev/tables/boundary_surface_summary.csv
1,Depression,2013,tree_cover_loss,Tree-cover loss,interior_facing,Inside,7490,3,0.0400534045393859,Militia dominant,Militia-centred control,analysis_spatial_falsification_revised_dev/tables/boundary_surface_summary.csv
1,Depression,2014,tree_cover_loss,Tree-cover loss,exterior_facing,Outside,9821,5,0.0509113124936361,Militia dominant,Militia-centred control,analysis_spatial_falsification_revised_dev/tables/boundary_surface_summary.csv
1,Depression,2014,tree_cover_loss,Tree-cover loss,interior_facing,Inside,7487,0,0,Militia dominant,Militia-centred control,analysis_spatial_falsification_revised_dev/tables/boundary_surface_summary.csv
1,Depression,2015,tree_cover_loss,Tree-cover loss,exterior_facing,Outside,9816,3,0.0305623471882641,Militia dominant,Militia-centred control,analysis_spatial_falsification_revised_dev/tables/boundary_surface_summary.csv
1,Depression,2015,tree_cover_loss,Tree-cover loss,interior_facing,Inside,7487,3,0.040069453719781,Militia dominant,Militia-centred control,analysis_spatial_falsification_revised_dev/tables/boundary_surface_summary.csv
1,Depression,2016,tree_cover_loss,Tree-cover loss,exterior_facing,Outside,9813,12,0.122286762457964,Militia dominant,Militia-centred control,analysis_spatial_falsification_revised_dev/tables/boundary_surface_summary.csv
1,Depression,2016,tree_cover_loss,Tree-cover loss,interior_facing,Inside,7484,2,0.0267236771779797,Militia dominant,Militia-centred control,analysis_spatial_falsification_revised_dev/tables/boundary_surface_summary.csv
1,Depression,2017,tree_cover_loss,Tree-cover loss,exterior_facing,Outside,9801,8,0.0816243240485665,Park dominant,Park-centred control,analysis_spatial_falsification_revised_dev/tables/boundary_surface_summary.csv
1,Depression,2017,tree_cover_loss,Tree-cover loss,interior_facing,Inside,7482,1,0.0133654103180968,Park dominant,Park-centred control,analysis_spatial_falsification_revised_dev/tables/boundary_surface_summary.csv
1,Depression,2018,tree_cover_loss,Tree-cover loss,exterior_facing,Outside,9793,6,0.0612682528336567,Park dominant,Park-centred control,analysis_spatial_falsification_revised_dev/tables/boundary_surface_summary.csv
1,Depression,2018,tree_cover_loss,Tree-cover loss,interior_facing,Inside,7481,1,0.0133671968988103,Park dominant,Park-centred control,analysis_spatial_falsification_revised_dev/tables/boundary_surface_summary.csv
1,Depression,2019,tree_cover_loss,Tree-cover loss,exterior_facing,Outside,9787,10,0.102176356391131,Park dominant,Park-centred control,analysis_spatial_falsification_revised_dev/tables/boundary_surface_summary.csv
1,Depression,2019,tree_cover_loss,Tree-cover loss,interior_facing,Inside,7480,4,0.053475935828877,Park dominant,Park-centred control,analysis_spatial_falsification_revised_dev/tables/boundary_surface_summary.csv
1,Depression,2020,tree_cover_loss,Tree-cover loss,exterior_facing,Outside,9777,5,0.0511404316252429,Park dominant,Park-centred control,analysis_spatial_falsification_revised_dev/tables/boundary_surface_summary.csv
1,Depression,2020,tree_cover_loss,Tree-cover loss,interior_facing,Inside,7476,2,0.0267522739432852,Park dominant,Park-centred control,analysis_spatial_falsification_revised_dev/tables/boundary_surface_summary.csv
1,Depression,2021,tree_cover_loss,Tree-cover loss,exterior_facing,Outside,9772,11,0.112566516577978,Park dominant,Park-centred control,analysis_spatial_falsification_revised_dev/tables/boundary_surface_summary.csv
1,Depression,2021,tree_cover_loss,Tree-cover loss,interior_facing,Inside,7474,0,0,Park dominant,Park-centred control,analysis_spatial_falsification_revised_dev/tables/boundary_surface_summary.csv
1,Depression,2022,tree_cover_loss,Tree-cover loss,exterior_facing,Outside,9761,4,0.0409794078475566,Park dominant,Park-centred control,analysis_spatial_falsification_revised_dev/tables/boundary_surface_summary.csv
1,Depression,2022,tree_cover_loss,Tree-cover loss,interior_facing,Inside,7474,4,0.0535188654000535,Park dominant,Park-centred control,analysis_spatial_falsification_revised_dev/tables/boundary_surface_summary.csv
3,Plateau,2001,tree_cover_loss,Tree-cover loss,exterior_facing,Outside,11987,0,0,Neither actor dominant,Fragmented control,analysis_spatial_falsification_revised_dev/tables/boundary_surface_summary.csv
3,Plateau,2001,tree_cover_loss,Tree-cover loss,interior_facing,Inside,12936,0,0,Neither actor dominant,Fragmented control,analysis_spatial_falsification_revised_dev/tables/boundary_surface_summary.csv
3,Plateau,2002,tree_cover_loss,Tree-cover loss,exterior_facing,Outside,11987,0,0,Neither actor dominant,Fragmented control,analysis_spatial_falsification_revised_dev/tables/boundary_surface_summary.csv
3,Plateau,2002,tree_cover_loss,Tree-cover loss,interior_facing,Inside,12936,0,0,Neither actor dominant,Fragmented control,analysis_spatial_falsification_revised_dev/tables/boundary_surface_summary.csv
3,Plateau,2003,tree_cover_loss,Tree-cover loss,exterior_facing,Outside,11987,2,0.0166847418036206,Neither actor dominant,Fragmented control,analysis_spatial_falsification_revised_dev/tables/boundary_surface_summary.csv
3,Plateau,2003,tree_cover_loss,Tree-cover loss,interior_facing,Inside,12936,0,0,Neither actor dominant,Fragmented control,analysis_spatial_falsification_revised_dev/tables/boundary_surface_summary.csv
3,Plateau,2004,tree_cover_loss,Tree-cover loss,exterior_facing,Outside,11985,0,0,Militia dominant,Militia-centred control,analysis_spatial_falsification_revised_dev/tables/boundary_surface_summary.csv
3,Plateau,2004,tree_cover_loss,Tree-cover loss,interior_facing,Inside,12936,0,0,Militia dominant,Militia-centred control,analysis_spatial_falsification_revised_dev/tables/boundary_surface_summary.csv
3,Plateau,2005,tree_cover_loss,Tree-cover loss,exterior_facing,Outside,11985,0,0,Militia dominant,Militia-centred control,analysis_spatial_falsification_revised_dev/tables/boundary_surface_summary.csv
3,Plateau,2005,tree_cover_loss,Tree-cover loss,interior_facing,Inside,12936,0,0,Militia dominant,Militia-centred control,analysis_spatial_falsification_revised_dev/tables/boundary_surface_summary.csv
3,Plateau,2006,tree_cover_loss,Tree-cover loss,exterior_facing,Outside,11985,7,0.0584063412599082,Militia dominant,Militia-centred control,analysis_spatial_falsification_revised_dev/tables/boundary_surface_summary.csv
3,Plateau,2006,tree_cover_loss,Tree-cover loss,interior_facing,Inside,12936,0,0,Militia dominant,Militia-centred control,analysis_spatial_falsification_revised_dev/tables/boundary_surface_summary.csv
3,Plateau,2007,tree_cover_loss,Tree-cover loss,exterior_facing,Outside,11978,6,0.05009183503089,Neither actor dominant,Fragmented control,analysis_spatial_falsification_revised_dev/tables/boundary_surface_summary.csv
3,Plateau,2007,tree_cover_loss,Tree-cover loss,interior_facing,Inside,12936,1,0.00773036487322202,Neither actor dominant,Fragmented control,analysis_spatial_falsification_revised_dev/tables/boundary_surface_summary.csv
3,Plateau,2008,tree_cover_loss,Tree-cover loss,exterior_facing,Outside,11972,5,0.0417641162712997,Neither actor dominant,Fragmented control,analysis_spatial_falsification_revised_dev/tables/boundary_surface_summary.csv
3,Plateau,2008,tree_cover_loss,Tree-cover loss,interior_facing,Inside,12935,0,0,Neither actor dominant,Fragmented control,analysis_spatial_falsification_revised_dev/tables/boundary_surface_summary.csv
3,Plateau,2009,tree_cover_loss,Tree-cover loss,exterior_facing,Outside,11967,10,0.0835631319461853,Neither actor dominant,Fragmented control,analysis_spatial_falsification_revised_dev/tables/boundary_surface_summary.csv
3,Plateau,2009,tree_cover_loss,Tree-cover loss,interior_facing,Inside,12935,0,0,Neither actor dominant,Fragmented control,analysis_spatial_falsification_revised_dev/tables/boundary_surface_summary.csv
3,Plateau,2010,tree_cover_loss,Tree-cover loss,exterior_facing,Outside,11957,3,0.0250899054946893,Neither actor dominant,Fragmented control,analysis_spatial_falsification_revised_dev/tables/boundary_surface_summary.csv
3,Plateau,2010,tree_cover_loss,Tree-cover loss,interior_facing,Inside,12935,1,0.00773096250483185,Neither actor dominant,Fragmented control,analysis_spatial_falsification_revised_dev/tables/boundary_surface_summary.csv
3,Plateau,2011,tree_cover_loss,Tree-cover loss,exterior_facing,Outside,11954,1,0.00836540070269366,Park dominant,Park-centred control,analysis_spatial_falsification_revised_dev/tables/boundary_surface_summary.csv
3,Plateau,2011,tree_cover_loss,Tree-cover loss,interior_facing,Inside,12934,0,0,Park dominant,Park-centred control,analysis_spatial_falsification_revised_dev/tables/boundary_surface_summary.csv
3,Plateau,2012,tree_cover_loss,Tree-cover loss,exterior_facing,Outside,11953,9,0.0752949050447586,Park dominant,Park-centred control,analysis_spatial_falsification_revised_dev/tables/boundary_surface_summary.csv
3,Plateau,2012,tree_cover_loss,Tree-cover loss,interior_facing,Inside,12934,2,0.0154631204577084,Park dominant,Park-centred control,analysis_spatial_falsification_revised_dev/tables/boundary_surface_summary.csv
3,Plateau,2013,tree_cover_loss,Tree-cover loss,exterior_facing,Outside,11944,1,0.00837240455458808,Militia dominant,Militia-centred control,analysis_spatial_falsification_revised_dev/tables/boundary_surface_summary.csv
3,Plateau,2013,tree_cover_loss,Tree-cover loss,interior_facing,Inside,12932,0,0,Militia dominant,Militia-centred control,analysis_spatial_falsification_revised_dev/tables/boundary_surface_summary.csv
3,Plateau,2014,tree_cover_loss,Tree-cover loss,exterior_facing,Outside,11943,3,0.0251193167545843,Militia dominant,Militia-centred control,analysis_spatial_falsification_revised_dev/tables/boundary_surface_summary.csv
3,Plateau,2014,tree_cover_loss,Tree-cover loss,interior_facing,Inside,12932,0,0,Militia dominant,Militia-centred control,analysis_spatial_falsification_revised_dev/tables/boundary_surface_summary.csv
3,Plateau,2015,tree_cover_loss,Tree-cover loss,exterior_facing,Outside,11940,0,0,Militia dominant,Militia-centred control,analysis_spatial_falsification_revised_dev/tables/boundary_surface_summary.csv
3,Plateau,2015,tree_cover_loss,Tree-cover loss,interior_facing,Inside,12932,0,0,Militia dominant,Militia-centred control,analysis_spatial_falsification_revised_dev/tables/boundary_surface_summary.csv
3,Plateau,2016,tree_cover_loss,Tree-cover loss,exterior_facing,Outside,11940,0,0,Park dominant,Park-centred control,analysis_spatial_falsification_revised_dev/tables/boundary_surface_summary.csv
3,Plateau,2016,tree_cover_loss,Tree-cover loss,interior_facing,Inside,12932,0,0,Park dominant,Park-centred control,analysis_spatial_falsification_revised_dev/tables/boundary_surface_summary.csv
3,Plateau,2017,tree_cover_loss,Tree-cover loss,exterior_facing,Outside,11940,5,0.0418760469011725,Park dominant,Park-centred control,analysis_spatial_falsification_revised_dev/tables/boundary_surface_summary.csv
3,Plateau,2017,tree_cover_loss,Tree-cover loss,interior_facing,Inside,12932,0,0,Park dominant,Park-centred control,analysis_spatial_falsification_revised_dev/tables/boundary_surface_summary.csv
3,Plateau,2018,tree_cover_loss,Tree-cover loss,exterior_facing,Outside,11935,16,0.134059488898199,Park dominant,Park-centred control,analysis_spatial_falsification_revised_dev/tables/boundary_surface_summary.csv
3,Plateau,2018,tree_cover_loss,Tree-cover loss,interior_facing,Inside,12932,0,0,Park dominant,Park-centred control,analysis_spatial_falsification_revised_dev/tables/boundary_surface_summary.csv
3,Plateau,2019,tree_cover_loss,Tree-cover loss,exterior_facing,Outside,11919,11,0.0922896216125514,Park dominant,Park-centred control,analysis_spatial_falsification_revised_dev/tables/boundary_surface_summary.csv
3,Plateau,2019,tree_cover_loss,Tree-cover loss,interior_facing,Inside,12932,0,0,Park dominant,Park-centred control,analysis_spatial_falsification_revised_dev/tables/boundary_surface_summary.csv
3,Plateau,2020,tree_cover_loss,Tree-cover loss,exterior_facing,Outside,11908,11,0.0923748740342627,Park dominant,Park-centred control,analysis_spatial_falsification_revised_dev/tables/boundary_surface_summary.csv
3,Plateau,2020,tree_cover_loss,Tree-cover loss,interior_facing,Inside,12932,0,0,Park dominant,Park-centred control,analysis_spatial_falsification_revised_dev/tables/boundary_surface_summary.csv
3,Plateau,2021,tree_cover_loss,Tree-cover loss,exterior_facing,Outside,11897,13,0.109271244851643,Park dominant,Park-centred control,analysis_spatial_falsification_revised_dev/tables/boundary_surface_summary.csv
3,Plateau,2021,tree_cover_loss,Tree-cover loss,interior_facing,Inside,12932,0,0,Park dominant,Park-centred control,analysis_spatial_falsification_revised_dev/tables/boundary_surface_summary.csv
3,Plateau,2022,tree_cover_loss,Tree-cover loss,exterior_facing,Outside,11884,8,0.0673174015483002,Park dominant,Park-centred control,analysis_spatial_falsification_revised_dev/tables/boundary_surface_summary.csv
3,Plateau,2022,tree_cover_loss,Tree-cover loss,interior_facing,Inside,12932,0,0,Park dominant,Park-centred control,analysis_spatial_falsification_revised_dev/tables/boundary_surface_summary.csv
1,Depression,2001,agriculture,Agricultural expansion,exterior_facing,Outside,10019,4,0.0399241441261603,Neither actor dominant,Fragmented control,analysis_spatial_falsification_revised_dev/tables/boundary_surface_summary.csv
1,Depression,2001,agriculture,Agricultural expansion,interior_facing,Inside,7612,4,0.0525486074619023,Neither actor dominant,Fragmented control,analysis_spatial_falsification_revised_dev/tables/boundary_surface_summary.csv
1,Depression,2002,agriculture,Agricultural expansion,exterior_facing,Outside,10015,13,0.129805292061907,Neither actor dominant,Fragmented control,analysis_spatial_falsification_revised_dev/tables/boundary_surface_summary.csv
1,Depression,2002,agriculture,Agricultural expansion,interior_facing,Inside,7608,6,0.0788643533123028,Neither actor dominant,Fragmented control,analysis_spatial_falsification_revised_dev/tables/boundary_surface_summary.csv
1,Depression,2003,agriculture,Agricultural expansion,exterior_facing,Outside,10002,4,0.0399920015996801,Neither actor dominant,Fragmented control,analysis_spatial_falsification_revised_dev/tables/boundary_surface_summary.csv
1,Depression,2003,agriculture,Agricultural expansion,interior_facing,Inside,7602,4,0.0526177321757432,Neither actor dominant,Fragmented control,analysis_spatial_falsification_revised_dev/tables/boundary_surface_summary.csv
1,Depression,2004,agriculture,Agricultural expansion,exterior_facing,Outside,9998,21,0.21004200840168,Militia dominant,Militia-centred control,analysis_spatial_falsification_revised_dev/tables/boundary_surface_summary.csv
1,Depression,2004,agriculture,Agricultural expansion,interior_facing,Inside,7598,20,0.263227165043432,Militia dominant,Militia-centred control,analysis_spatial_falsification_revised_dev/tables/boundary_surface_summary.csv
1,Depression,2005,agriculture,Agricultural expansion,exterior_facing,Outside,9977,5,0.0501152651097524,Militia dominant,Militia-centred control,analysis_spatial_falsification_revised_dev/tables/boundary_surface_summary.csv
1,Depression,2005,agriculture,Agricultural expansion,interior_facing,Inside,7578,3,0.0395882818685669,Militia dominant,Militia-centred control,analysis_spatial_falsification_revised_dev/tables/boundary_surface_summary.csv
1,Depression,2006,agriculture,Agricultural expansion,exterior_facing,Outside,9972,12,0.120336943441637,Militia dominant,Militia-centred control,analysis_spatial_falsification_revised_dev/tables/boundary_surface_summary.csv
1,Depression,2006,agriculture,Agricultural expansion,interior_facing,Inside,7575,0,0,Militia dominant,Militia-centred control,analysis_spatial_falsification_revised_dev/tables/boundary_surface_summary.csv
1,Depression,2007,agriculture,Agricultural expansion,exterior_facing,Outside,9960,7,0.070281124497992,Neither actor dominant,Fragmented control,analysis_spatial_falsification_revised_dev/tables/boundary_surface_summary.csv
1,Depression,2007,agriculture,Agricultural expansion,interior_facing,Inside,7575,2,0.0264026402640264,Neither actor dominant,Fragmented control,analysis_spatial_falsification_revised_dev/tables/boundary_surface_summary.csv
1,Depression,2008,agriculture,Agricultural expansion,exterior_facing,Outside,9953,3,0.0301416658293982,Neither actor dominant,Fragmented control,analysis_spatial_falsification_revised_dev/tables/boundary_surface_summary.csv
1,Depression,2008,agriculture,Agricultural expansion,interior_facing,Inside,7573,5,0.0660240327479203,Neither actor dominant,Fragmented control,analysis_spatial_falsification_revised_dev/tables/boundary_surface_summary.csv
1,Depression,2009,agriculture,Agricultural expansion,exterior_facing,Outside,9950,7,0.0703517587939699,Neither actor dominant,Fragmented control,analysis_spatial_falsification_revised_dev/tables/boundary_surface_summary.csv
1,Depression,2009,agriculture,Agricultural expansion,interior_facing,Inside,7568,11,0.145348837209302,Neither actor dominant,Fragmented control,analysis_spatial_falsification_revised_dev/tables/boundary_surface_summary.csv
1,Depression,2010,agriculture,Agricultural expansion,exterior_facing,Outside,9943,9,0.0905159408629186,Neither actor dominant,Fragmented control,analysis_spatial_falsification_revised_dev/tables/boundary_surface_summary.csv
1,Depression,2010,agriculture,Agricultural expansion,interior_facing,Inside,7557,19,0.25142252216488,Neither actor dominant,Fragmented control,analysis_spatial_falsification_revised_dev/tables/boundary_surface_summary.csv
1,Depression,2011,agriculture,Agricultural expansion,exterior_facing,Outside,9934,2,0.0201328769881216,Neither actor dominant,Fragmented control,analysis_spatial_falsification_revised_dev/tables/boundary_surface_summary.csv
1,Depression,2011,agriculture,Agricultural expansion,interior_facing,Inside,7538,9,0.11939506500398,Neither actor dominant,Fragmented control,analysis_spatial_falsification_revised_dev/tables/boundary_surface_summary.csv
1,Depression,2012,agriculture,Agricultural expansion,exterior_facing,Outside,9932,3,0.0302053966975433,Neither actor dominant,Fragmented control,analysis_spatial_falsification_revised_dev/tables/boundary_surface_summary.csv
1,Depression,2012,agriculture,Agricultural expansion,interior_facing,Inside,7529,10,0.132819763580821,Neither actor dominant,Fragmented control,analysis_spatial_falsification_revised_dev/tables/boundary_surface_summary.csv
1,Depression,2013,agriculture,Agricultural expansion,exterior_facing,Outside,9929,22,0.221573169503475,Militia dominant,Militia-centred control,analysis_spatial_falsification_revised_dev/tables/boundary_surface_summary.csv
1,Depression,2013,agriculture,Agricultural expansion,interior_facing,Inside,7519,25,0.332491022742386,Militia dominant,Militia-centred control,analysis_spatial_falsification_revised_dev/tables/boundary_surface_summary.csv
1,Depression,2014,agriculture,Agricultural expansion,exterior_facing,Outside,9907,20,0.201877460381548,Militia dominant,Militia-centred control,analysis_spatial_falsification_revised_dev/tables/boundary_surface_summary.csv
1,Depression,2014,agriculture,Agricultural expansion,interior_facing,Inside,7494,26,0.346944222044302,Militia dominant,Militia-centred control,analysis_spatial_falsification_revised_dev/tables/boundary_surface_summary.csv
1,Depression,2015,agriculture,Agricultural expansion,exterior_facing,Outside,9887,8,0.0809143319510468,Militia dominant,Militia-centred control,analysis_spatial_falsification_revised_dev/tables/boundary_surface_summary.csv
1,Depression,2015,agriculture,Agricultural expansion,interior_facing,Inside,7468,14,0.187466523835029,Militia dominant,Militia-centred control,analysis_spatial_falsification_revised_dev/tables/boundary_surface_summary.csv
1,Depression,2016,agriculture,Agricultural expansion,exterior_facing,Outside,9879,10,0.101224820325944,Militia dominant,Militia-centred control,analysis_spatial_falsification_revised_dev/tables/boundary_surface_summary.csv
1,Depression,2016,agriculture,Agricultural expansion,interior_facing,Inside,7454,22,0.295143547088811,Militia dominant,Militia-centred control,analysis_spatial_falsification_revised_dev/tables/boundary_surface_summary.csv
1,Depression,2017,agriculture,Agricultural expansion,exterior_facing,Outside,9869,28,0.283716688620934,Park dominant,Park-centred control,analysis_spatial_falsification_revised_dev/tables/boundary_surface_summary.csv
1,Depression,2017,agriculture,Agricultural expansion,interior_facing,Inside,7432,22,0.296017222820237,Park dominant,Park-centred control,analysis_spatial_falsification_revised_dev/tables/boundary_surface_summary.csv
1,Depression,2018,agriculture,Agricultural expansion,exterior_facing,Outside,9841,20,0.203231378924906,Park dominant,Park-centred control,analysis_spatial_falsification_revised_dev/tables/boundary_surface_summary.csv
1,Depression,2018,agriculture,Agricultural expansion,interior_facing,Inside,7410,22,0.296896086369771,Park dominant,Park-centred control,analysis_spatial_falsification_revised_dev/tables/boundary_surface_summary.csv
1,Depression,2019,agriculture,Agricultural expansion,exterior_facing,Outside,9821,12,0.122187149984727,Park dominant,Park-centred control,analysis_spatial_falsification_revised_dev/tables/boundary_surface_summary.csv
1,Depression,2019,agriculture,Agricultural expansion,interior_facing,Inside,7388,5,0.0676773145641581,Park dominant,Park-centred control,analysis_spatial_falsification_revised_dev/tables/boundary_surface_summary.csv
1,Depression,2020,agriculture,Agricultural expansion,exterior_facing,Outside,9809,14,0.142726067896829,Park dominant,Park-centred control,analysis_spatial_falsification_revised_dev/tables/boundary_surface_summary.csv
1,Depression,2020,agriculture,Agricultural expansion,interior_facing,Inside,7383,7,0.0948124068806718,Park dominant,Park-centred control,analysis_spatial_falsification_revised_dev/tables/boundary_surface_summary.csv
1,Depression,2021,agriculture,Agricultural expansion,exterior_facing,Outside,9795,20,0.204185809086269,Park dominant,Park-centred control,analysis_spatial_falsification_revised_dev/tables/boundary_surface_summary.csv
1,Depression,2021,agriculture,Agricultural expansion,interior_facing,Inside,7376,8,0.108459869848156,Park dominant,Park-centred control,analysis_spatial_falsification_revised_dev/tables/boundary_surface_summary.csv
1,Depression,2022,agriculture,Agricultural expansion,exterior_facing,Outside,9775,17,0.173913043478261,Park dominant,Park-centred control,analysis_spatial_falsification_revised_dev/tables/boundary_surface_summary.csv
1,Depression,2022,agriculture,Agricultural expansion,interior_facing,Inside,7368,10,0.135722041259501,Park dominant,Park-centred control,analysis_spatial_falsification_revised_dev/tables/boundary_surface_summary.csv
3,Plateau,2001,agriculture,Agricultural expansion,exterior_facing,Outside,11987,0,0,Neither actor dominant,Fragmented control,analysis_spatial_falsification_revised_dev/tables/boundary_surface_summary.csv
3,Plateau,2001,agriculture,Agricultural expansion,interior_facing,Inside,12936,0,0,Neither actor dominant,Fragmented control,analysis_spatial_falsification_revised_dev/tables/boundary_surface_summary.csv
3,Plateau,2002,agriculture,Agricultural expansion,exterior_facing,Outside,11987,0,0,Neither actor dominant,Fragmented control,analysis_spatial_falsification_revised_dev/tables/boundary_surface_summary.csv
3,Plateau,2002,agriculture,Agricultural expansion,interior_facing,Inside,12936,0,0,Neither actor dominant,Fragmented control,analysis_spatial_falsification_revised_dev/tables/boundary_surface_summary.csv
3,Plateau,2003,agriculture,Agricultural expansion,exterior_facing,Outside,11987,0,0,Neither actor dominant,Fragmented control,analysis_spatial_falsification_revised_dev/tables/boundary_surface_summary.csv
3,Plateau,2003,agriculture,Agricultural expansion,interior_facing,Inside,12936,0,0,Neither actor dominant,Fragmented control,analysis_spatial_falsification_revised_dev/tables/boundary_surface_summary.csv
3,Plateau,2004,agriculture,Agricultural expansion,exterior_facing,Outside,11987,0,0,Militia dominant,Militia-centred control,analysis_spatial_falsification_revised_dev/tables/boundary_surface_summary.csv
3,Plateau,2004,agriculture,Agricultural expansion,interior_facing,Inside,12936,0,0,Militia dominant,Militia-centred control,analysis_spatial_falsification_revised_dev/tables/boundary_surface_summary.csv
3,Plateau,2005,agriculture,Agricultural expansion,exterior_facing,Outside,11987,0,0,Militia dominant,Militia-centred control,analysis_spatial_falsification_revised_dev/tables/boundary_surface_summary.csv
3,Plateau,2005,agriculture,Agricultural expansion,interior_facing,Inside,12936,0,0,Militia dominant,Militia-centred control,analysis_spatial_falsification_revised_dev/tables/boundary_surface_summary.csv
3,Plateau,2006,agriculture,Agricultural expansion,exterior_facing,Outside,11987,0,0,Militia dominant,Militia-centred control,analysis_spatial_falsification_revised_dev/tables/boundary_surface_summary.csv
3,Plateau,2006,agriculture,Agricultural expansion,interior_facing,Inside,12936,0,0,Militia dominant,Militia-centred control,analysis_spatial_falsification_revised_dev/tables/boundary_surface_summary.csv
3,Plateau,2007,agriculture,Agricultural expansion,exterior_facing,Outside,11987,0,0,Neither actor dominant,Fragmented control,analysis_spatial_falsification_revised_dev/tables/boundary_surface_summary.csv
3,Plateau,2007,agriculture,Agricultural expansion,interior_facing,Inside,12936,0,0,Neither actor dominant,Fragmented control,analysis_spatial_falsification_revised_dev/tables/boundary_surface_summary.csv
3,Plateau,2008,agriculture,Agricultural expansion,exterior_facing,Outside,11987,0,0,Neither actor dominant,Fragmented control,analysis_spatial_falsification_revised_dev/tables/boundary_surface_summary.csv
3,Plateau,2008,agriculture,Agricultural expansion,interior_facing,Inside,12936,0,0,Neither actor dominant,Fragmented control,analysis_spatial_falsification_revised_dev/tables/boundary_surface_summary.csv
3,Plateau,2009,agriculture,Agricultural expansion,exterior_facing,Outside,11987,0,0,Neither actor dominant,Fragmented control,analysis_spatial_falsification_revised_dev/tables/boundary_surface_summary.csv
3,Plateau,2009,agriculture,Agricultural expansion,interior_facing,Inside,12936,0,0,Neither actor dominant,Fragmented control,analysis_spatial_falsification_revised_dev/tables/boundary_surface_summary.csv
3,Plateau,2010,agriculture,Agricultural expansion,exterior_facing,Outside,11987,0,0,Neither actor dominant,Fragmented control,analysis_spatial_falsification_revised_dev/tables/boundary_surface_summary.csv
3,Plateau,2010,agriculture,Agricultural expansion,interior_facing,Inside,12936,0,0,Neither actor dominant,Fragmented control,analysis_spatial_falsification_revised_dev/tables/boundary_surface_summary.csv
3,Plateau,2011,agriculture,Agricultural expansion,exterior_facing,Outside,11987,1,0.0083423709018103,Park dominant,Park-centred control,analysis_spatial_falsification_revised_dev/tables/boundary_surface_summary.csv
3,Plateau,2011,agriculture,Agricultural expansion,interior_facing,Inside,12936,0,0,Park dominant,Park-centred control,analysis_spatial_falsification_revised_dev/tables/boundary_surface_summary.csv
3,Plateau,2012,agriculture,Agricultural expansion,exterior_facing,Outside,11986,0,0,Park dominant,Park-centred control,analysis_spatial_falsification_revised_dev/tables/boundary_surface_summary.csv
3,Plateau,2012,agriculture,Agricultural expansion,interior_facing,Inside,12936,0,0,Park dominant,Park-centred control,analysis_spatial_falsification_revised_dev/tables/boundary_surface_summary.csv
3,Plateau,2013,agriculture,Agricultural expansion,exterior_facing,Outside,11986,0,0,Militia dominant,Militia-centred control,analysis_spatial_falsification_revised_dev/tables/boundary_surface_summary.csv
3,Plateau,2013,agriculture,Agricultural expansion,interior_facing,Inside,12936,0,0,Militia dominant,Militia-centred control,analysis_spatial_falsification_revised_dev/tables/boundary_surface_summary.csv
3,Plateau,2014,agriculture,Agricultural expansion,exterior_facing,Outside,11986,0,0,Militia dominant,Militia-centred control,analysis_spatial_falsification_revised_dev/tables/boundary_surface_summary.csv
3,Plateau,2014,agriculture,Agricultural expansion,interior_facing,Inside,12936,0,0,Militia dominant,Militia-centred control,analysis_spatial_falsification_revised_dev/tables/boundary_surface_summary.csv
3,Plateau,2015,agriculture,Agricultural expansion,exterior_facing,Outside,11986,0,0,Militia dominant,Militia-centred control,analysis_spatial_falsification_revised_dev/tables/boundary_surface_summary.csv
3,Plateau,2015,agriculture,Agricultural expansion,interior_facing,Inside,12936,0,0,Militia dominant,Militia-centred control,analysis_spatial_falsification_revised_dev/tables/boundary_surface_summary.csv
3,Plateau,2016,agriculture,Agricultural expansion,exterior_facing,Outside,11986,0,0,Park dominant,Park-centred control,analysis_spatial_falsification_revised_dev/tables/boundary_surface_summary.csv
3,Plateau,2016,agriculture,Agricultural expansion,interior_facing,Inside,12936,0,0,Park dominant,Park-centred control,analysis_spatial_falsification_revised_dev/tables/boundary_surface_summary.csv
3,Plateau,2017,agriculture,Agricultural expansion,exterior_facing,Outside,11986,2,0.0166861338227933,Park dominant,Park-centred control,analysis_spatial_falsification_revised_dev/tables/boundary_surface_summary.csv
3,Plateau,2017,agriculture,Agricultural expansion,interior_facing,Inside,12936,0,0,Park dominant,Park-centred control,analysis_spatial_falsification_revised_dev/tables/boundary_surface_summary.csv
3,Plateau,2018,agriculture,Agricultural expansion,exterior_facing,Outside,11984,0,0,Park dominant,Park-centred control,analysis_spatial_falsification_revised_dev/tables/boundary_surface_summary.csv
3,Plateau,2018,agriculture,Agricultural expansion,interior_facing,Inside,12936,0,0,Park dominant,Park-centred control,analysis_spatial_falsification_revised_dev/tables/boundary_surface_summary.csv
3,Plateau,2019,agriculture,Agricultural expansion,exterior_facing,Outside,11984,0,0,Park dominant,Park-centred control,analysis_spatial_falsification_revised_dev/tables/boundary_surface_summary.csv
3,Plateau,2019,agriculture,Agricultural expansion,interior_facing,Inside,12936,0,0,Park dominant,Park-centred control,analysis_spatial_falsification_revised_dev/tables/boundary_surface_summary.csv
3,Plateau,2020,agriculture,Agricultural expansion,exterior_facing,Outside,11984,0,0,Park dominant,Park-centred control,analysis_spatial_falsification_revised_dev/tables/boundary_surface_summary.csv
3,Plateau,2020,agriculture,Agricultural expansion,interior_facing,Inside,12936,0,0,Park dominant,Park-centred control,analysis_spatial_falsification_revised_dev/tables/boundary_surface_summary.csv
3,Plateau,2021,agriculture,Agricultural expansion,exterior_facing,Outside,11984,0,0,Park dominant,Park-centred control,analysis_spatial_falsification_revised_dev/tables/boundary_surface_summary.csv
3,Plateau,2021,agriculture,Agricultural expansion,interior_facing,Inside,12936,0,0,Park dominant,Park-centred control,analysis_spatial_falsification_revised_dev/tables/boundary_surface_summary.csv
3,Plateau,2022,agriculture,Agricultural expansion,exterior_facing,Outside,11984,0,0,Park dominant,Park-centred control,analysis_spatial_falsification_revised_dev/tables/boundary_surface_summary.csv
3,Plateau,2022,agriculture,Agricultural expansion,interior_facing,Inside,12936,0,0,Park dominant,Park-centred control,analysis_spatial_falsification_revised_dev/tables/boundary_surface_summary.csv
