"OriginalPath","QuarantinePath","Action","SHA256Before","SHA256After","Reason","DependencyCheck","ValidationStatus"
"outputs\publication\supplement\figures\Figure_S3_historical_landscape_diagnostics.pdf","C:\0_Documents\_upemba_boundary_cleanup_quarantine_20260626_115034\from_upemba-boundary-disturbance\outputs\publication\supplement\figures\Figure_S3_historical_landscape_diagnostics.pdf","quarantined and removed from canonical","6221FD699E7997F22BAC956692C4BC9B778F5F26C021874CFED8D5B4BF557053","6221FD699E7997F22BAC956692C4BC9B778F5F26C021874CFED8D5B4BF557053","obsolete former historical Figure S3 or old Figure S4 active artifact","replaced by Table S13 and Figure S3 pairwise pseudo-boundary output","hash verified"
"outputs\publication\supplement\figures\Figure_S3_historical_landscape_diagnostics.png","C:\0_Documents\_upemba_boundary_cleanup_quarantine_20260626_115034\from_upemba-boundary-disturbance\outputs\publication\supplement\figures\Figure_S3_historical_landscape_diagnostics.png","quarantined and removed from canonical","1BC196F7DCF2E67D1BDA022AF39CC17413CB4680A856A71B16D55AA09F4962AD","1BC196F7DCF2E67D1BDA022AF39CC17413CB4680A856A71B16D55AA09F4962AD","obsolete former historical Figure S3 or old Figure S4 active artifact","replaced by Table S13 and Figure S3 pairwise pseudo-boundary output","hash verified"
"outputs\publication\supplement\figures\Figure_S4_pairwise_pseudo_boundary_diagnostic.pdf","C:\0_Documents\_upemba_boundary_cleanup_quarantine_20260626_115034\from_upemba-boundary-disturbance\outputs\publication\supplement\figures\Figure_S4_pairwise_pseudo_boundary_diagnostic.pdf","quarantined and removed from canonical","79F3907B2865684AB32FA8444A5B01749143902D69E3D9B973F60DA8AB95167D","79F3907B2865684AB32FA8444A5B01749143902D69E3D9B973F60DA8AB95167D","obsolete former historical Figure S3 or old Figure S4 active artifact","replaced by Table S13 and Figure S3 pairwise pseudo-boundary output","hash verified"
"outputs\publication\supplement\figures\Figure_S4_pairwise_pseudo_boundary_diagnostic.png","C:\0_Documents\_upemba_boundary_cleanup_quarantine_20260626_115034\from_upemba-boundary-disturbance\outputs\publication\supplement\figures\Figure_S4_pairwise_pseudo_boundary_diagnostic.png","quarantined and removed from canonical","C63504BB623F632E741B3ABC59B25DBBC0713CBFD92B0C4BB7784FE1ED9AA4C3","C63504BB623F632E741B3ABC59B25DBBC0713CBFD92B0C4BB7784FE1ED9AA4C3","obsolete former historical Figure S3 or old Figure S4 active artifact","replaced by Table S13 and Figure S3 pairwise pseudo-boundary output","hash verified"
"outputs\publication\supplement\source_data\Figure_S3_source_data.csv","C:\0_Documents\_upemba_boundary_cleanup_quarantine_20260626_115034\from_upemba-boundary-disturbance\outputs\publication\supplement\source_data\Figure_S3_source_data.csv","quarantined and removed from canonical","6549195E26B562287E675B5FF8643CB8C4EEE4D4DB18D5615E5AE71D50C96FA1","6549195E26B562287E675B5FF8643CB8C4EEE4D4DB18D5615E5AE71D50C96FA1","obsolete former historical Figure S3 or old Figure S4 active artifact","replaced by Table S13 and Figure S3 pairwise pseudo-boundary output","hash verified"
"outputs\publication\supplement\source_data\Figure_S4_source_data.csv","C:\0_Documents\_upemba_boundary_cleanup_quarantine_20260626_115034\from_upemba-boundary-disturbance\outputs\publication\supplement\source_data\Figure_S4_source_data.csv","quarantined and removed from canonical","B15535F3CB3291CC307FBBB35A944F15EE9406C127822CEB90C201033593C213","B15535F3CB3291CC307FBBB35A944F15EE9406C127822CEB90C201033593C213","obsolete former historical Figure S3 or old Figure S4 active artifact","replaced by Table S13 and Figure S3 pairwise pseudo-boundary output","hash verified"
"outputs\publication\review_v1\main_figures\Figure_1_study_design.pdf","C:\0_Documents\_upemba_boundary_cleanup_quarantine_20260626_115034\from_upemba-boundary-disturbance\outputs\publication\review_v1\main_figures\Figure_1_study_design.pdf","quarantined and removed from canonical","67E213EDBE4524968EE5BBCDCC59E55C4F3B9961DDAB9088A7C21026D14394BF","67E213EDBE4524968EE5BBCDCC59E55C4F3B9961DDAB9088A7C21026D14394BF","duplicate, obsolete, or superseded publication artifact","not referenced by final manifest or final output names","hash verified"
"outputs\publication\review_v1\main_figures\Figure_1_study_design.png","C:\0_Documents\_upemba_boundary_cleanup_quarantine_20260626_115034\from_upemba-boundary-disturbance\outputs\publication\review_v1\main_figures\Figure_1_study_design.png","quarantined and removed from canonical","635D0EF01D113719959DE65ACB2EF1DEBDD95AAC204BAF094C2FC9FC0820FE90","635D0EF01D113719959DE65ACB2EF1DEBDD95AAC204BAF094C2FC9FC0820FE90","duplicate, obsolete, or superseded publication artifact","not referenced by final manifest or final output names","hash verified"
"outputs\publication\review_v1\main_figures\Figure_2_chronology_time_series.pdf","C:\0_Documents\_upemba_boundary_cleanup_quarantine_20260626_115034\from_upemba-boundary-disturbance\outputs\publication\review_v1\main_figures\Figure_2_chronology_time_series.pdf","quarantined and removed from canonical","3949102A44DD3A0DB4B2AAA5749DC81A48A2428E4C5A8A257C8D7FC2C64FF924","3949102A44DD3A0DB4B2AAA5749DC81A48A2428E4C5A8A257C8D7FC2C64FF924","duplicate, obsolete, or superseded publication artifact","not referenced by final manifest or final output names","hash verified"
"outputs\publication\review_v1\main_figures\Figure_2_chronology_time_series.png","C:\0_Documents\_upemba_boundary_cleanup_quarantine_20260626_115034\from_upemba-boundary-disturbance\outputs\publication\review_v1\main_figures\Figure_2_chronology_time_series.png","quarantined and removed from canonical","D246234E78623AB12AE71D8594A827B42C64B35A7A3B2E0D9AAFD5D2684C9F51","D246234E78623AB12AE71D8594A827B42C64B35A7A3B2E0D9AAFD5D2684C9F51","duplicate, obsolete, or superseded publication artifact","not referenced by final manifest or final output names","hash verified"
"outputs\publication\review_v1\main_figures\Figure_3_primary_contrasts.pdf","C:\0_Documents\_upemba_boundary_cleanup_quarantine_20260626_115034\from_upemba-boundary-disturbance\outputs\publication\review_v1\main_figures\Figure_3_primary_contrasts.pdf","quarantined and removed from canonical","DE13768758E30D3A986EBA2D45E989F05F51DE1992D7897723DDC5BFD7B6DE38","DE13768758E30D3A986EBA2D45E989F05F51DE1992D7897723DDC5BFD7B6DE38","duplicate, obsolete, or superseded publication artifact","not referenced by final manifest or final output names","hash verified"
"outputs\publication\review_v1\main_figures\Figure_3_primary_contrasts.png","C:\0_Documents\_upemba_boundary_cleanup_quarantine_20260626_115034\from_upemba-boundary-disturbance\outputs\publication\review_v1\main_figures\Figure_3_primary_contrasts.png","quarantined and removed from canonical","070E0DA42CD904279C98A0E4050AD840E62601610B3DDC01C6217AAFF3ED63EB","070E0DA42CD904279C98A0E4050AD840E62601610B3DDC01C6217AAFF3ED63EB","duplicate, obsolete, or superseded publication artifact","not referenced by final manifest or final output names","hash verified"
"outputs\publication\review_v1\main_figures\Figure_4_boundary_location_diagnostic.pdf","C:\0_Documents\_upemba_boundary_cleanup_quarantine_20260626_115034\from_upemba-boundary-disturbance\outputs\publication\review_v1\main_figures\Figure_4_boundary_location_diagnostic.pdf","quarantined and removed from canonical","11684CF2A04E8B4F918203FAFB5DBD4190A655123908FEE3744253F4FED33696","11684CF2A04E8B4F918203FAFB5DBD4190A655123908FEE3744253F4FED33696","duplicate, obsolete, or superseded publication artifact","not referenced by final manifest or final output names","hash verified"
"outputs\publication\review_v1\main_figures\Figure_4_boundary_location_diagnostic.png","C:\0_Documents\_upemba_boundary_cleanup_quarantine_20260626_115034\from_upemba-boundary-disturbance\outputs\publication\review_v1\main_figures\Figure_4_boundary_location_diagnostic.png","quarantined and removed from canonical","80F3553A5B3B193C211BD46713E8668F2962A0112814C50752192F82063CFC0C","80F3553A5B3B193C211BD46713E8668F2962A0112814C50752192F82063CFC0C","duplicate, obsolete, or superseded publication artifact","not referenced by final manifest or final output names","hash verified"
"outputs\publication\review_v1\main_tables\Table_1_data_products.csv","C:\0_Documents\_upemba_boundary_cleanup_quarantine_20260626_115034\from_upemba-boundary-disturbance\outputs\publication\review_v1\main_tables\Table_1_data_products.csv","quarantined and removed from canonical","3FE936EC13A6EB28503DF86F9D9042890CCC0DA166BD98288E03F19D0A86EE74","3FE936EC13A6EB28503DF86F9D9042890CCC0DA166BD98288E03F19D0A86EE74","duplicate, obsolete, or superseded publication artifact","not referenced by final manifest or final output names","hash verified"
"outputs\publication\review_v1\main_tables\Table_1_data_products.html","C:\0_Documents\_upemba_boundary_cleanup_quarantine_20260626_115034\from_upemba-boundary-disturbance\outputs\publication\review_v1\main_tables\Table_1_data_products.html","quarantined and removed from canonical","F7D89998CD6A1EEF16347047AE29DCF151E76B52C61FDA8AEB3FEF16BA346525","F7D89998CD6A1EEF16347047AE29DCF151E76B52C61FDA8AEB3FEF16BA346525","duplicate, obsolete, or superseded publication artifact","not referenced by final manifest or final output names","hash verified"
"outputs\publication\review_v1\main_tables\Table_2_primary_evidence.csv","C:\0_Documents\_upemba_boundary_cleanup_quarantine_20260626_115034\from_upemba-boundary-disturbance\outputs\publication\review_v1\main_tables\Table_2_primary_evidence.csv","quarantined and removed from canonical","29752F473967D1FF1637533E50D5F4C8D03076E92CA7794E422163FE3CCE5D85","29752F473967D1FF1637533E50D5F4C8D03076E92CA7794E422163FE3CCE5D85","duplicate, obsolete, or superseded publication artifact","not referenced by final manifest or final output names","hash verified"
"outputs\publication\review_v1\main_tables\Table_2_primary_evidence.html","C:\0_Documents\_upemba_boundary_cleanup_quarantine_20260626_115034\from_upemba-boundary-disturbance\outputs\publication\review_v1\main_tables\Table_2_primary_evidence.html","quarantined and removed from canonical","0C6CFED9B9D0C41A7AFFB95B19D449653A49FD7AC11ED725921EC8826363851E","0C6CFED9B9D0C41A7AFFB95B19D449653A49FD7AC11ED725921EC8826363851E","duplicate, obsolete, or superseded publication artifact","not referenced by final manifest or final output names","hash verified"
"reports\publication_outputs\review_v1\event_total_validation.csv","C:\0_Documents\_upemba_boundary_cleanup_quarantine_20260626_115034\from_upemba-boundary-disturbance\reports\publication_outputs\review_v1\event_total_validation.csv","quarantined and removed from canonical","186740579D5E2A07E79110892424D37B60A81A6D7AD8AA03D45FA76F741FDA54","186740579D5E2A07E79110892424D37B60A81A6D7AD8AA03D45FA76F741FDA54","duplicate, obsolete, or superseded publication artifact","not referenced by final manifest or final output names","hash verified"
"reports\publication_outputs\review_v1\main_figure_captions.md","C:\0_Documents\_upemba_boundary_cleanup_quarantine_20260626_115034\from_upemba-boundary-disturbance\reports\publication_outputs\review_v1\main_figure_captions.md","quarantined and removed from canonical","AAA8E16BD96460111A9C4470AFD034CA1C7915DC718D633DE06FE1FC848534D4","AAA8E16BD96460111A9C4470AFD034CA1C7915DC718D633DE06FE1FC848534D4","duplicate, obsolete, or superseded publication artifact","not referenced by final manifest or final output names","hash verified"
"reports\publication_outputs\review_v1\main_table_captions.md","C:\0_Documents\_upemba_boundary_cleanup_quarantine_20260626_115034\from_upemba-boundary-disturbance\reports\publication_outputs\review_v1\main_table_captions.md","quarantined and removed from canonical","F029380AEDC559AEB171DEE15F373CEDDB81D07B58B457782943F2CB5CC28BFA","F029380AEDC559AEB171DEE15F373CEDDB81D07B58B457782943F2CB5CC28BFA","duplicate, obsolete, or superseded publication artifact","not referenced by final manifest or final output names","hash verified"
"reports\publication_outputs\review_v1\publication_output_provenance.csv","C:\0_Documents\_upemba_boundary_cleanup_quarantine_20260626_115034\from_upemba-boundary-disturbance\reports\publication_outputs\review_v1\publication_output_provenance.csv","quarantined and removed from canonical","076D61A9E36858776C5ECE8B7012920D2C3E64BCAFA68ECA07E81490F414EBA7","076D61A9E36858776C5ECE8B7012920D2C3E64BCAFA68ECA07E81490F414EBA7","duplicate, obsolete, or superseded publication artifact","not referenced by final manifest or final output names","hash verified"
"reports\publication_outputs\review_v1\publication_output_validation.md","C:\0_Documents\_upemba_boundary_cleanup_quarantine_20260626_115034\from_upemba-boundary-disturbance\reports\publication_outputs\review_v1\publication_output_validation.md","quarantined and removed from canonical","9FD8D5DD139CED40CE6397B6F976D41FBD098FA945C067A16E7C623F979DDC57","9FD8D5DD139CED40CE6397B6F976D41FBD098FA945C067A16E7C623F979DDC57","duplicate, obsolete, or superseded publication artifact","not referenced by final manifest or final output names","hash verified"
"outputs\publication\supplement\Chapter1_Supplementary_Material.docx","C:\0_Documents\_upemba_boundary_cleanup_quarantine_20260626_115034\from_upemba-boundary-disturbance\outputs\publication\supplement\Chapter1_Supplementary_Material.docx","quarantined and removed from canonical","EB19699CC13C783FE51F7E7AB336EAC494BC675575641882C96522FDE7789892","EB19699CC13C783FE51F7E7AB336EAC494BC675575641882C96522FDE7789892","duplicate, obsolete, or superseded publication artifact","not referenced by final manifest or final output names","hash verified"
"chapter 1 manuscript.docx","C:\0_Documents\_upemba_boundary_cleanup_quarantine_20260626_115034\from_upemba-boundary-disturbance\chapter 1 manuscript.docx","quarantined and removed from canonical","A1ED3E537DA132B601C8CB4EFF3D5D46A65B5D165FA4C19F94A020462E42401B","A1ED3E537DA132B601C8CB4EFF3D5D46A65B5D165FA4C19F94A020462E42401B","duplicate, obsolete, or superseded publication artifact","not referenced by final manifest or final output names","hash verified"
