Path,Category,Referenced by active script,Referenced by manuscript,Referenced by supplement,Referenced by manifest,Required for regeneration,Unique provenance value,Final action,Reason
.gitattributes,configuration,Yes,No,No,Yes,Yes,No,retain,referenced by active code; required for regeneration or validation
.gitignore,configuration,Yes,No,No,Yes,Yes,No,retain,referenced by active code; required for regeneration or validation
.here,configuration,Yes,No,No,Yes,Yes,No,retain,referenced by active code; required for regeneration or validation
.Rprofile,configuration,Yes,No,No,Yes,Yes,No,retain,referenced by active code; required for regeneration or validation
analysis_fire_optimizer_refinement_dev/provenance/sessionInfo.txt,authoritative analytical output,Yes,No,No,Yes,Yes,Yes,retain,referenced by active code; required for regeneration or validation; retains unique scientific or environment provenance
analysis_fire_optimizer_refinement_dev/tables/baseline_10km_fit_diagnostics.csv,authoritative analytical output,Yes,No,No,Yes,Yes,Yes,retain,referenced by active code; required for regeneration or validation; retains unique scientific or environment provenance
analysis_fire_optimizer_refinement_dev/tables/baseline_10km_pairwise_differences.csv,authoritative analytical output,Yes,No,No,Yes,Yes,Yes,retain,referenced by active code; required for regeneration or validation; retains unique scientific or environment provenance
analysis_fire_optimizer_refinement_dev/tables/baseline_10km_profile_contrasts.csv,authoritative analytical output,Yes,No,No,Yes,Yes,Yes,retain,referenced by active code; required for regeneration or validation; retains unique scientific or environment provenance
analysis_fire_optimizer_refinement_dev/tables/baseline_10km_reproduction_check.csv,authoritative analytical output,Yes,No,No,Yes,Yes,Yes,retain,referenced by active code; required for regeneration or validation; retains unique scientific or environment provenance
analysis_fire_optimizer_refinement_dev/tables/fire_10km_optimizer_diagnostics.csv,authoritative analytical output,Yes,No,No,Yes,Yes,Yes,retain,referenced by active code; required for regeneration or validation; retains unique scientific or environment provenance
analysis_fire_optimizer_refinement_dev/tables/fire_10km_optimizer_pairwise_differences.csv,authoritative analytical output,Yes,No,No,Yes,Yes,Yes,retain,referenced by active code; required for regeneration or validation; retains unique scientific or environment provenance
analysis_fire_optimizer_refinement_dev/tables/fire_10km_optimizer_parameter_comparison.csv,authoritative analytical output,Yes,No,No,Yes,Yes,Yes,retain,referenced by active code; required for regeneration or validation; retains unique scientific or environment provenance
analysis_fire_optimizer_refinement_dev/tables/fire_10km_optimizer_profile_contrasts.csv,authoritative analytical output,Yes,No,No,Yes,Yes,Yes,retain,referenced by active code; required for regeneration or validation; retains unique scientific or environment provenance
analysis_fire_optimizer_refinement_dev/tables/fire_10km_optimizer_retained_fits.csv,authoritative analytical output,Yes,No,No,Yes,Yes,Yes,retain,referenced by active code; required for regeneration or validation; retains unique scientific or environment provenance
analysis_governance_profiles_robustness_dev/logs/diagnose_agriculture_canonical_nlminb_default.txt,authoritative analytical output,No,No,No,Yes,Yes,Yes,retain,required for regeneration or validation; retains unique scientific or environment provenance
analysis_governance_profiles_robustness_dev/logs/diagnose_agriculture_canonical_nlminb_strict.txt,authoritative analytical output,No,No,No,Yes,Yes,Yes,retain,required for regeneration or validation; retains unique scientific or environment provenance
analysis_governance_profiles_robustness_dev/logs/diagnose_agriculture_canonical_optim_bfgs.txt,authoritative analytical output,No,No,No,Yes,Yes,Yes,retain,required for regeneration or validation; retains unique scientific or environment provenance
analysis_governance_profiles_robustness_dev/logs/diagnose_deforestation_canonical_nlminb_default.txt,authoritative analytical output,No,No,No,Yes,Yes,Yes,retain,required for regeneration or validation; retains unique scientific or environment provenance
analysis_governance_profiles_robustness_dev/logs/diagnose_deforestation_canonical_nlminb_strict.txt,authoritative analytical output,No,No,No,Yes,Yes,Yes,retain,required for regeneration or validation; retains unique scientific or environment provenance
analysis_governance_profiles_robustness_dev/logs/diagnose_deforestation_canonical_optim_bfgs.txt,authoritative analytical output,No,No,No,Yes,Yes,Yes,retain,required for regeneration or validation; retains unique scientific or environment provenance
analysis_governance_profiles_robustness_dev/logs/diagnose_fire_canonical_nlminb_default.txt,authoritative analytical output,No,No,No,Yes,Yes,Yes,retain,required for regeneration or validation; retains unique scientific or environment provenance
analysis_governance_profiles_robustness_dev/logs/diagnose_fire_canonical_nlminb_strict.txt,authoritative analytical output,No,No,No,Yes,Yes,Yes,retain,required for regeneration or validation; retains unique scientific or environment provenance
analysis_governance_profiles_robustness_dev/logs/diagnose_fire_canonical_optim_bfgs.txt,authoritative analytical output,No,No,No,Yes,Yes,Yes,retain,required for regeneration or validation; retains unique scientific or environment provenance
analysis_governance_profiles_robustness_dev/provenance/input_provenance.csv,authoritative analytical output,Yes,No,No,Yes,Yes,Yes,retain,referenced by active code; required for regeneration or validation; retains unique scientific or environment provenance
analysis_governance_profiles_robustness_dev/provenance/sessionInfo.txt,authoritative analytical output,Yes,No,No,Yes,Yes,Yes,retain,referenced by active code; required for regeneration or validation; retains unique scientific or environment provenance
analysis_governance_profiles_robustness_dev/tables/best_diagnostic_candidate_optimizer.csv,authoritative analytical output,Yes,No,No,Yes,Yes,Yes,retain,referenced by active code; required for regeneration or validation; retains unique scientific or environment provenance
analysis_governance_profiles_robustness_dev/tables/bootstrap_failure_reasons.csv,authoritative analytical output,Yes,No,No,Yes,Yes,Yes,retain,referenced by active code; required for regeneration or validation; retains unique scientific or environment provenance
analysis_governance_profiles_robustness_dev/tables/bootstrap_profile_contrasts_finite.csv,authoritative analytical output,Yes,No,No,Yes,Yes,Yes,retain,referenced by active code; required for regeneration or validation; retains unique scientific or environment provenance
analysis_governance_profiles_robustness_dev/tables/bootstrap_profile_contrasts_strict.csv,authoritative analytical output,Yes,No,No,Yes,Yes,Yes,retain,referenced by active code; required for regeneration or validation; retains unique scientific or environment provenance
analysis_governance_profiles_robustness_dev/tables/bootstrap_replicate_diagnostics.csv,authoritative analytical output,Yes,No,No,Yes,Yes,Yes,retain,referenced by active code; required for regeneration or validation; retains unique scientific or environment provenance
analysis_governance_profiles_robustness_dev/tables/episode_influence_summary.csv,authoritative analytical output,Yes,No,No,Yes,Yes,Yes,retain,referenced by active code; required for regeneration or validation; retains unique scientific or environment provenance
analysis_governance_profiles_robustness_dev/tables/governance_profile_robustness_summary.csv,authoritative analytical output,Yes,No,No,Yes,Yes,Yes,retain,referenced by active code; required for regeneration or validation; retains unique scientific or environment provenance
analysis_governance_profiles_robustness_dev/tables/governance_transition_review_sheet.csv,authoritative analytical output,Yes,No,No,Yes,Yes,Yes,retain,referenced by active code; required for regeneration or validation; retains unique scientific or environment provenance
analysis_governance_profiles_robustness_dev/tables/governance_transitions.csv,authoritative analytical output,Yes,No,No,Yes,Yes,Yes,retain,referenced by active code; required for regeneration or validation; retains unique scientific or environment provenance
analysis_governance_profiles_robustness_dev/tables/leave_one_episode_out_fit_diagnostics.csv,authoritative analytical output,Yes,No,No,Yes,Yes,Yes,retain,referenced by active code; required for regeneration or validation; retains unique scientific or environment provenance
analysis_governance_profiles_robustness_dev/tables/leave_one_episode_out_pairwise_differences.csv,authoritative analytical output,Yes,No,No,Yes,Yes,Yes,retain,referenced by active code; required for regeneration or validation; retains unique scientific or environment provenance
analysis_governance_profiles_robustness_dev/tables/leave_one_episode_out_profile_contrasts.csv,authoritative analytical output,Yes,No,No,Yes,Yes,Yes,retain,referenced by active code; required for regeneration or validation; retains unique scientific or environment provenance
analysis_governance_profiles_robustness_dev/tables/optimizer_coefficient_comparison.csv,authoritative analytical output,Yes,No,No,Yes,Yes,Yes,retain,referenced by active code; required for regeneration or validation; retains unique scientific or environment provenance
analysis_governance_profiles_robustness_dev/tables/optimizer_fit_diagnostics.csv,authoritative analytical output,Yes,No,No,Yes,Yes,Yes,retain,referenced by active code; required for regeneration or validation; retains unique scientific or environment provenance
analysis_governance_profiles_robustness_dev/tables/optimizer_profile_contrast_comparison.csv,authoritative analytical output,Yes,No,No,Yes,Yes,Yes,retain,referenced by active code; required for regeneration or validation; retains unique scientific or environment provenance
analysis_governance_profiles_robustness_dev/tables/optimizer_stability_summary.csv,authoritative analytical output,Yes,No,No,Yes,Yes,Yes,retain,referenced by active code; required for regeneration or validation; retains unique scientific or environment provenance
analysis_governance_profiles_robustness_dev/tables/phase1_point_estimate_reproduction.csv,authoritative analytical output,Yes,No,No,Yes,Yes,Yes,retain,referenced by active code; required for regeneration or validation; retains unique scientific or environment provenance
analysis_governance_profiles_robustness_dev/tables/profile_episode_support_corrected.csv,authoritative analytical output,Yes,No,No,Yes,Yes,Yes,retain,referenced by active code; required for regeneration or validation; retains unique scientific or environment provenance
analysis_governance_profiles_robustness_dev/tables/profile_model_support_corrected.csv,authoritative analytical output,Yes,No,No,Yes,Yes,Yes,retain,referenced by active code; required for regeneration or validation; retains unique scientific or environment provenance
analysis_governance_profiles_robustness_dev/tables/sesu_between_landscape_differences.csv,authoritative analytical output,Yes,No,No,Yes,Yes,Yes,retain,referenced by active code; required for regeneration or validation; retains unique scientific or environment provenance
analysis_governance_profiles_robustness_dev/tables/sesu_heterogeneity_fit_diagnostics.csv,authoritative analytical output,Yes,No,No,Yes,Yes,Yes,retain,referenced by active code; required for regeneration or validation; retains unique scientific or environment provenance
analysis_governance_profiles_robustness_dev/tables/sesu_specific_profile_contrasts.csv,authoritative analytical output,Yes,No,No,Yes,Yes,Yes,retain,referenced by active code; required for regeneration or validation; retains unique scientific or environment provenance
analysis_governance_profiles_robustness_dev/tables/sesu_year_inside_outside_contrasts.csv,authoritative analytical output,Yes,No,No,Yes,Yes,Yes,retain,referenced by active code; required for regeneration or validation; retains unique scientific or environment provenance
analysis_governance_profiles_robustness_dev/tables/transition_sensitivity_fit_diagnostics.csv,authoritative analytical output,Yes,No,No,Yes,Yes,Yes,retain,referenced by active code; required for regeneration or validation; retains unique scientific or environment provenance
analysis_governance_profiles_robustness_dev/tables/transition_sensitivity_pairwise_differences.csv,authoritative analytical output,Yes,No,No,Yes,Yes,Yes,retain,referenced by active code; required for regeneration or validation; retains unique scientific or environment provenance
analysis_governance_profiles_robustness_dev/tables/transition_sensitivity_profile_contrasts.csv,authoritative analytical output,Yes,No,No,Yes,Yes,Yes,retain,referenced by active code; required for regeneration or validation; retains unique scientific or environment provenance
analysis_governance_profiles_robustness_dev/tables/transition_sensitivity_scenarios.csv,authoritative analytical output,Yes,No,No,Yes,Yes,Yes,retain,referenced by active code; required for regeneration or validation; retains unique scientific or environment provenance
analysis_governance_profiles_robustness_dev/tables/two_stage_model_diagnostics.csv,authoritative analytical output,Yes,No,No,Yes,Yes,Yes,retain,referenced by active code; required for regeneration or validation; retains unique scientific or environment provenance
analysis_governance_profiles_robustness_dev/tables/two_stage_pairwise_differences.csv,authoritative analytical output,Yes,No,No,Yes,Yes,Yes,retain,referenced by active code; required for regeneration or validation; retains unique scientific or environment provenance
analysis_governance_profiles_robustness_dev/tables/two_stage_profile_estimates.csv,authoritative analytical output,Yes,No,No,Yes,Yes,Yes,retain,referenced by active code; required for regeneration or validation; retains unique scientific or environment provenance
analysis_spatial_falsification_revised_dev/figures/actual_vs_spaced_outer_comparison.png,authoritative analytical output,Yes,No,No,Yes,Yes,Yes,retain,referenced by active code; required for regeneration or validation; retains unique scientific or environment provenance
analysis_spatial_falsification_revised_dev/figures/fire_profile_contrasts_by_boundary_center.png,authoritative analytical output,Yes,No,No,Yes,Yes,Yes,retain,referenced by active code; required for regeneration or validation; retains unique scientific or environment provenance
analysis_spatial_falsification_revised_dev/figures/revised_boundary_covariate_balance.png,authoritative analytical output,Yes,No,No,Yes,Yes,Yes,retain,referenced by active code; required for regeneration or validation; retains unique scientific or environment provenance
analysis_spatial_falsification_revised_dev/figures/revised_pseudo_boundary_map.png,authoritative analytical output,Yes,No,No,Yes,Yes,Yes,retain,referenced by active code; required for regeneration or validation; retains unique scientific or environment provenance
analysis_spatial_falsification_revised_dev/figures/sparse_profile_contrasts_by_boundary_center.png,authoritative analytical output,Yes,No,No,Yes,Yes,Yes,retain,referenced by active code; required for regeneration or validation; retains unique scientific or environment provenance
analysis_spatial_falsification_revised_dev/provenance/sessionInfo.txt,authoritative analytical output,Yes,No,No,Yes,Yes,Yes,retain,referenced by active code; required for regeneration or validation; retains unique scientific or environment provenance
analysis_spatial_falsification_revised_dev/tables/actual_boundary_reproduction_check.csv,authoritative analytical output,Yes,No,No,Yes,Yes,Yes,retain,referenced by active code; required for regeneration or validation; retains unique scientific or environment provenance
analysis_spatial_falsification_revised_dev/tables/actual_vs_all_outer_summary.csv,authoritative analytical output,Yes,No,No,Yes,Yes,Yes,retain,referenced by active code; required for regeneration or validation; retains unique scientific or environment provenance
analysis_spatial_falsification_revised_dev/tables/actual_vs_spaced_outer_pairwise_comparison.csv,authoritative analytical output,Yes,No,No,Yes,Yes,Yes,retain,referenced by active code; required for regeneration or validation; retains unique scientific or environment provenance
analysis_spatial_falsification_revised_dev/tables/actual_vs_spaced_outer_profile_comparison.csv,authoritative analytical output,Yes,No,No,Yes,Yes,Yes,retain,referenced by active code; required for regeneration or validation; retains unique scientific or environment provenance
analysis_spatial_falsification_revised_dev/tables/boundary_specificity_classification.csv,authoritative analytical output,Yes,No,No,Yes,Yes,Yes,retain,referenced by active code; required for regeneration or validation; retains unique scientific or environment provenance
analysis_spatial_falsification_revised_dev/tables/boundary_surface_summary.csv,authoritative analytical output,Yes,No,Yes,Yes,Yes,Yes,retain,referenced by active code; cited or embedded in the publication documents; required for regeneration or validation; retains unique scientific or environment provenance
analysis_spatial_falsification_revised_dev/tables/fire_boundary_fit_diagnostics.csv,authoritative analytical output,Yes,No,No,Yes,Yes,Yes,retain,referenced by active code; required for regeneration or validation; retains unique scientific or environment provenance
analysis_spatial_falsification_revised_dev/tables/fire_boundary_pairwise_differences.csv,authoritative analytical output,Yes,No,No,Yes,Yes,Yes,retain,referenced by active code; required for regeneration or validation; retains unique scientific or environment provenance
analysis_spatial_falsification_revised_dev/tables/fire_boundary_profile_contrasts.csv,authoritative analytical output,Yes,No,No,Yes,Yes,Yes,retain,referenced by active code; required for regeneration or validation; retains unique scientific or environment provenance
analysis_spatial_falsification_revised_dev/tables/fire_boundary_retained_fits.csv,authoritative analytical output,Yes,No,No,Yes,Yes,Yes,retain,referenced by active code; required for regeneration or validation; retains unique scientific or environment provenance
analysis_spatial_falsification_revised_dev/tables/inner_check_pairwise_results.csv,authoritative analytical output,Yes,No,No,Yes,Yes,Yes,retain,referenced by active code; required for regeneration or validation; retains unique scientific or environment provenance
analysis_spatial_falsification_revised_dev/tables/inner_check_profile_results.csv,authoritative analytical output,Yes,No,No,Yes,Yes,Yes,retain,referenced by active code; required for regeneration or validation; retains unique scientific or environment provenance
analysis_spatial_falsification_revised_dev/tables/outer_gradient_pairwise_results.csv,authoritative analytical output,Yes,No,No,Yes,Yes,Yes,retain,referenced by active code; required for regeneration or validation; retains unique scientific or environment provenance
analysis_spatial_falsification_revised_dev/tables/outer_gradient_profile_results.csv,authoritative analytical output,Yes,No,No,Yes,Yes,Yes,retain,referenced by active code; required for regeneration or validation; retains unique scientific or environment provenance
analysis_spatial_falsification_revised_dev/tables/revised_boundary_balance_summary.csv,authoritative analytical output,Yes,No,No,Yes,Yes,Yes,retain,referenced by active code; required for regeneration or validation; retains unique scientific or environment provenance
analysis_spatial_falsification_revised_dev/tables/revised_boundary_covariate_balance.csv,authoritative analytical output,Yes,No,No,Yes,Yes,Yes,retain,referenced by active code; required for regeneration or validation; retains unique scientific or environment provenance
analysis_spatial_falsification_revised_dev/tables/revised_boundary_registry.csv,authoritative analytical output,Yes,No,No,Yes,Yes,Yes,retain,referenced by active code; required for regeneration or validation; retains unique scientific or environment provenance
analysis_spatial_falsification_revised_dev/tables/sparse_boundary_pairwise_differences.csv,authoritative analytical output,Yes,No,No,Yes,Yes,Yes,retain,referenced by active code; required for regeneration or validation; retains unique scientific or environment provenance
analysis_spatial_falsification_revised_dev/tables/sparse_boundary_profile_estimates.csv,authoritative analytical output,Yes,No,No,Yes,Yes,Yes,retain,referenced by active code; required for regeneration or validation; retains unique scientific or environment provenance
analysis_spatial_falsification_revised_dev/tables/sparse_boundary_sesu_year_contrasts.csv,authoritative analytical output,Yes,No,No,Yes,Yes,Yes,retain,referenced by active code; required for regeneration or validation; retains unique scientific or environment provenance
analysis_spatial_falsification_revised_dev/tables/sparse_boundary_support.csv,authoritative analytical output,Yes,No,No,Yes,Yes,Yes,retain,referenced by active code; required for regeneration or validation; retains unique scientific or environment provenance
analysis_spatial_threshold_sensitivity_dev/figures/covariate_balance_by_buffer.png,authoritative analytical output,Yes,No,No,Yes,Yes,Yes,retain,referenced by active code; required for regeneration or validation; retains unique scientific or environment provenance
analysis_spatial_threshold_sensitivity_dev/figures/event_support_by_threshold_and_buffer.png,authoritative analytical output,Yes,No,No,Yes,Yes,Yes,retain,referenced by active code; required for regeneration or validation; retains unique scientific or environment provenance
analysis_spatial_threshold_sensitivity_dev/figures/profile_contrasts_by_threshold_and_buffer.png,authoritative analytical output,Yes,No,No,Yes,Yes,Yes,retain,referenced by active code; required for regeneration or validation; retains unique scientific or environment provenance
analysis_spatial_threshold_sensitivity_dev/provenance/disturbance_threshold_manifest_resolved.csv,authoritative analytical output,Yes,No,No,Yes,Yes,Yes,retain,referenced by active code; required for regeneration or validation; retains unique scientific or environment provenance
analysis_spatial_threshold_sensitivity_dev/provenance/sessionInfo.txt,authoritative analytical output,Yes,No,No,Yes,Yes,Yes,retain,referenced by active code; required for regeneration or validation; retains unique scientific or environment provenance
analysis_spatial_threshold_sensitivity_dev/provenance/tau025_reproduction_audit.md,authoritative analytical output,Yes,No,No,Yes,Yes,Yes,retain,referenced by active code; required for regeneration or validation; retains unique scientific or environment provenance
analysis_spatial_threshold_sensitivity_dev/tables/covariate_balance_by_sesu.csv,authoritative analytical output,Yes,No,No,Yes,Yes,Yes,retain,referenced by active code; required for regeneration or validation; retains unique scientific or environment provenance
analysis_spatial_threshold_sensitivity_dev/tables/covariate_balance_summary.csv,authoritative analytical output,Yes,No,No,Yes,Yes,Yes,retain,referenced by active code; required for regeneration or validation; retains unique scientific or environment provenance
analysis_spatial_threshold_sensitivity_dev/tables/event_support_detailed.csv,authoritative analytical output,Yes,No,No,Yes,Yes,Yes,retain,referenced by active code; required for regeneration or validation; retains unique scientific or environment provenance
analysis_spatial_threshold_sensitivity_dev/tables/event_support_summary.csv,authoritative analytical output,Yes,No,No,Yes,Yes,Yes,retain,referenced by active code; required for regeneration or validation; retains unique scientific or environment provenance
analysis_spatial_threshold_sensitivity_dev/tables/fire_fit_diagnostics.csv,authoritative analytical output,Yes,No,No,Yes,Yes,Yes,retain,referenced by active code; required for regeneration or validation; retains unique scientific or environment provenance
analysis_spatial_threshold_sensitivity_dev/tables/fire_pairwise_differences.csv,authoritative analytical output,Yes,No,No,Yes,Yes,Yes,retain,referenced by active code; required for regeneration or validation; retains unique scientific or environment provenance
analysis_spatial_threshold_sensitivity_dev/tables/fire_profile_contrasts.csv,authoritative analytical output,Yes,No,No,Yes,Yes,Yes,retain,referenced by active code; required for regeneration or validation; retains unique scientific or environment provenance
analysis_spatial_threshold_sensitivity_dev/tables/input_raster_validation.csv,authoritative analytical output,Yes,No,No,Yes,Yes,Yes,retain,referenced by active code; required for regeneration or validation; retains unique scientific or environment provenance
analysis_spatial_threshold_sensitivity_dev/tables/rare_outcome_beta_binomial_diagnostics.csv,authoritative analytical output,Yes,No,No,Yes,Yes,Yes,retain,referenced by active code; required for regeneration or validation; retains unique scientific or environment provenance
analysis_spatial_threshold_sensitivity_dev/tables/rare_outcome_beta_binomial_profile_contrasts.csv,authoritative analytical output,Yes,No,No,Yes,Yes,Yes,retain,referenced by active code; required for regeneration or validation; retains unique scientific or environment provenance
analysis_spatial_threshold_sensitivity_dev/tables/sparse_outcome_model_diagnostics.csv,authoritative analytical output,Yes,No,No,Yes,Yes,Yes,retain,referenced by active code; required for regeneration or validation; retains unique scientific or environment provenance
analysis_spatial_threshold_sensitivity_dev/tables/sparse_outcome_pairwise_differences.csv,authoritative analytical output,Yes,No,No,Yes,Yes,Yes,retain,referenced by active code; required for regeneration or validation; retains unique scientific or environment provenance
analysis_spatial_threshold_sensitivity_dev/tables/sparse_outcome_profile_estimates.csv,authoritative analytical output,Yes,No,No,Yes,Yes,Yes,retain,referenced by active code; required for regeneration or validation; retains unique scientific or environment provenance
analysis_spatial_threshold_sensitivity_dev/tables/sparse_outcome_sesu_year_contrasts.csv,authoritative analytical output,Yes,No,No,Yes,Yes,Yes,retain,referenced by active code; required for regeneration or validation; retains unique scientific or environment provenance
analysis_spatial_threshold_sensitivity_dev/tables/sparse_strata_flags.csv,authoritative analytical output,Yes,No,No,Yes,Yes,Yes,retain,referenced by active code; required for regeneration or validation; retains unique scientific or environment provenance
analysis_spatial_threshold_sensitivity_dev/tables/spatial_design_decision_matrix.csv,authoritative analytical output,Yes,No,No,Yes,Yes,Yes,retain,referenced by active code; required for regeneration or validation; retains unique scientific or environment provenance
analysis_spatial_threshold_sensitivity_dev/tables/spatial_threshold_contrast_comparison.csv,authoritative analytical output,Yes,No,No,Yes,Yes,Yes,retain,referenced by active code; required for regeneration or validation; retains unique scientific or environment provenance
analysis_spatial_threshold_sensitivity_dev/tables/spatial_threshold_pairwise_comparison.csv,authoritative analytical output,Yes,No,No,Yes,Yes,Yes,retain,referenced by active code; required for regeneration or validation; retains unique scientific or environment provenance
analysis_spatial_threshold_sensitivity_dev/tables/spatial_threshold_stability_summary.csv,authoritative analytical output,Yes,No,No,Yes,Yes,Yes,retain,referenced by active code; required for regeneration or validation; retains unique scientific or environment provenance
analysis_spatial_threshold_sensitivity_dev/tables/tau025_allcell_reproduction_check.csv,authoritative analytical output,Yes,No,No,Yes,Yes,Yes,retain,referenced by active code; required for regeneration or validation; retains unique scientific or environment provenance
analysis_spatial_threshold_sensitivity_dev/tables/tau025_cell_value_discrepancies_summary.csv,authoritative analytical output,Yes,No,No,Yes,Yes,Yes,retain,referenced by active code; required for regeneration or validation; retains unique scientific or environment provenance
analysis_spatial_threshold_sensitivity_dev/tables/tau025_input_comparison.csv,authoritative analytical output,Yes,No,No,Yes,Yes,Yes,retain,referenced by active code; required for regeneration or validation; retains unique scientific or environment provenance
candidate_file_manifest.csv,repository metadata,No,No,No,No,No,No,delete,Superseded candidate-era inventory replaced by the final retention manifest.
CITATION_PENDING.md,repository metadata,Yes,No,No,Yes,Yes,Yes,retain,referenced by active code; required for regeneration or validation; retains unique scientific or environment provenance
config/analysis_config.R,configuration,Yes,No,No,Yes,Yes,No,retain,referenced by active code; required for regeneration or validation
config/disturbance_measurement_versions.csv,configuration,Yes,No,No,Yes,Yes,No,retain,referenced by active code; required for regeneration or validation
config/disturbance_threshold_manifest.csv,configuration,Yes,No,No,Yes,Yes,No,retain,referenced by active code; required for regeneration or validation
config/fire_harmonized_2001_2022_manifest.csv,configuration,Yes,No,No,Yes,Yes,No,retain,referenced by active code; required for regeneration or validation
config/paths.example.R,configuration,No,No,No,Yes,Yes,No,retain,required for regeneration or validation
data/governance_profiles/README.md,sanitized data or manifest,No,No,No,Yes,Yes,No,retain,required for regeneration or validation
data/governance_profiles/upemba_sesu_year_profiles.csv,sanitized data or manifest,Yes,No,No,Yes,Yes,No,retain,referenced by active code; required for regeneration or validation
data/manifests/required_external_inputs.csv,sanitized data or manifest,No,No,No,Yes,No,No,retain,"retained publication-facing output, documentation, or repository metadata"
data/README.md,sanitized data or manifest,No,No,No,Yes,No,No,retain,"retained publication-facing output, documentation, or repository metadata"
data/upemba_sesu_year_regimes.csv,sanitized data or manifest,Yes,No,No,Yes,Yes,No,retain,referenced by active code; required for regeneration or validation
docs/decisions/authoritative_analysis_specification.md,method or provenance documentation,No,No,No,Yes,No,Yes,retain,retains unique scientific or environment provenance
docs/decisions/fire_10km_optimizer_refinement_report.md,method or provenance documentation,No,No,No,Yes,No,Yes,retain,retains unique scientific or environment provenance
docs/decisions/fire_2021_2022_harmonization_report.md,method or provenance documentation,Yes,No,No,Yes,Yes,Yes,retain,referenced by active code; required for regeneration or validation; retains unique scientific or environment provenance
docs/decisions/old_placebo_deprecation_note.md,method or provenance documentation,No,No,No,Yes,No,Yes,retain,retains unique scientific or environment provenance
docs/decisions/spatial_boundary_falsification_design_revision.md,method or provenance documentation,No,No,No,Yes,No,Yes,retain,retains unique scientific or environment provenance
docs/decisions/spatial_boundary_falsification_revised_report.md,method or provenance documentation,Yes,No,No,Yes,Yes,Yes,retain,referenced by active code; required for regeneration or validation; retains unique scientific or environment provenance
docs/decisions/spatial_threshold_sensitivity_report.md,method or provenance documentation,No,No,No,Yes,No,Yes,retain,retains unique scientific or environment provenance
docs/decisions/stopped_pseudoboundary_screen.md,method or provenance documentation,No,No,No,Yes,No,Yes,retain,retains unique scientific or environment provenance
docs/methods/governance_profile_mapping.md,method or provenance documentation,No,No,No,Yes,No,Yes,retain,retains unique scientific or environment provenance
docs/provenance/disturbance_measurement_provenance_report.md,method or provenance documentation,No,No,No,Yes,No,Yes,retain,retains unique scientific or environment provenance
docs/provenance/script_dependency_manifest.csv,method or provenance documentation,No,No,No,Yes,No,Yes,retain,retains unique scientific or environment provenance
docs/provenance/software_environment.md,method or provenance documentation,No,No,No,Yes,No,Yes,retain,retains unique scientific or environment provenance
docs/validation/candidate_result_reproduction.md,method or provenance documentation,No,No,No,Yes,No,Yes,retain,retains unique scientific or environment provenance
docs/validation/code_path_refactor_validation.md,method or provenance documentation,No,No,No,Yes,No,Yes,retain,retains unique scientific or environment provenance
docs/validation/code_refactor_equivalence.md,method or provenance documentation,No,No,No,Yes,No,Yes,retain,retains unique scientific or environment provenance
docs/validation/downstream_execution_validation.md,method or provenance documentation,No,No,No,Yes,No,Yes,retain,retains unique scientific or environment provenance
docs/validation/execution_privacy_validation.md,method or provenance documentation,No,No,No,Yes,No,Yes,retain,retains unique scientific or environment provenance
docs/validation/fire_10km_optimizer_refinement_validation.md,method or provenance documentation,No,No,No,Yes,No,Yes,retain,retains unique scientific or environment provenance
docs/validation/frozen_result_reproduction.md,method or provenance documentation,No,No,No,Yes,No,Yes,retain,retains unique scientific or environment provenance
docs/validation/git_initialization_readiness.md,method or provenance documentation,No,No,No,Yes,No,Yes,retain,retains unique scientific or environment provenance
docs/validation/governance_profile_model_stability_report.md,method or provenance documentation,No,No,No,Yes,No,Yes,retain,retains unique scientific or environment provenance
docs/validation/governance_profile_phase2_validation.md,method or provenance documentation,No,No,No,Yes,No,Yes,retain,retains unique scientific or environment provenance
docs/validation/measurement_harmonization_validation.md,method or provenance documentation,No,No,No,Yes,No,Yes,retain,retains unique scientific or environment provenance
docs/validation/sanitization_validation.md,method or provenance documentation,No,No,No,Yes,No,Yes,retain,retains unique scientific or environment provenance
docs/validation/spatial_boundary_falsification_revised_validation.md,method or provenance documentation,Yes,No,No,Yes,Yes,Yes,retain,referenced by active code; required for regeneration or validation; retains unique scientific or environment provenance
docs/validation/spatial_threshold_phase3_validation.md,method or provenance documentation,No,No,No,Yes,No,Yes,retain,retains unique scientific or environment provenance
evidence/governance_episode_evidence_ledger.csv,sanitized evidence,Yes,No,No,Yes,Yes,Yes,retain,referenced by active code; required for regeneration or validation; retains unique scientific or environment provenance
evidence/README.md,sanitized evidence,No,No,No,Yes,Yes,Yes,retain,required for regeneration or validation; retains unique scientific or environment provenance
outputs/publication/figure_source_data/Figure_1_layer_registry.csv,publication output or source,Yes,No,No,Yes,Yes,No,retain,referenced by active code; required for regeneration or validation
outputs/publication/figure_source_data/Figure_2_annual_trajectories.csv,publication output or source,Yes,No,No,Yes,Yes,No,retain,referenced by active code; required for regeneration or validation
outputs/publication/figure_source_data/Figure_2_chronology_time_series_old_style_candidate_pubqual_source_data.csv,publication output or source,No,No,No,No,No,No,delete,Duplicate candidate source data superseded by the two canonical Figure 2 source-data files.
outputs/publication/figure_source_data/Figure_2_chronology_time_series_old_style_candidate_source_data.csv,publication output or source,No,No,No,No,No,No,delete,Duplicate candidate source data superseded by the two canonical Figure 2 source-data files.
outputs/publication/figure_source_data/Figure_2_profile_chronology.csv,publication output or source,Yes,No,No,Yes,Yes,No,retain,referenced by active code; required for regeneration or validation
outputs/publication/figure_source_data/Figure_3_pairwise_differences.csv,publication output or source,Yes,No,Yes,Yes,Yes,No,retain,referenced by active code; cited or embedded in the publication documents; required for regeneration or validation
outputs/publication/figure_source_data/Figure_3_profile_contrasts.csv,publication output or source,Yes,No,Yes,Yes,Yes,No,retain,referenced by active code; cited or embedded in the publication documents; required for regeneration or validation
outputs/publication/figure_source_data/Figure_4_pairwise_boundary_estimates.csv,publication output or source,Yes,No,No,Yes,Yes,No,retain,referenced by active code; required for regeneration or validation
outputs/publication/figure_source_data/Figure_4_profile_boundary_estimates.csv,publication output or source,Yes,No,Yes,Yes,Yes,No,retain,referenced by active code; cited or embedded in the publication documents; required for regeneration or validation
outputs/publication/figure_sources/Figures_1_2_editable_source.pptx,editable figure source,Yes,No,No,Yes,Yes,No,retain,referenced by active code; required for regeneration or validation
outputs/publication/main_figures/fig 1.png,final main figure,No,No,No,No,No,No,rename,Renamed to outputs/publication/main_figures/Figure_1_study_design.png to establish a canonical unambiguous path.
outputs/publication/main_figures/fig 2.png,final main figure,No,No,No,No,No,No,delete,Obsolete chronology-only manual export superseded by the script-generated final Figure 2.
outputs/publication/main_figures/Figure_1_study_design.pdf,final main figure,Yes,No,No,Yes,Yes,No,retain,referenced by active code; required for regeneration or validation
outputs/publication/main_figures/Figure_1_study_design.png,final main figure,Yes,No,No,Yes,Yes,No,retain,referenced by active code; required for regeneration or validation
outputs/publication/main_figures/Figure_2_chronology_time_series.pdf,final main figure,Yes,No,No,Yes,Yes,No,retain,referenced by active code; required for regeneration or validation
outputs/publication/main_figures/Figure_2_chronology_time_series.png,final main figure,Yes,No,No,Yes,Yes,No,retain,referenced by active code; required for regeneration or validation
outputs/publication/main_figures/Figure_2_chronology_time_series_old_style_candidate_pubqual.png,final main figure,No,No,No,No,No,No,delete,Obsolete candidate output superseded by the canonical final Figure 2.
outputs/publication/main_figures/Figure_3_primary_contrasts.pdf,final main figure,Yes,No,No,Yes,Yes,No,retain,referenced by active code; required for regeneration or validation
outputs/publication/main_figures/Figure_3_primary_contrasts.png,final main figure,Yes,No,No,Yes,Yes,No,retain,referenced by active code; required for regeneration or validation
outputs/publication/main_figures/Figure_4_boundary_location_diagnostic.pdf,final main figure,Yes,No,No,Yes,Yes,No,retain,referenced by active code; required for regeneration or validation
outputs/publication/main_figures/Figure_4_boundary_location_diagnostic.png,final main figure,Yes,No,No,Yes,Yes,No,retain,referenced by active code; required for regeneration or validation
outputs/publication/main_figures/figures.pptx,final main figure,No,No,No,No,No,No,rename,Renamed to outputs/publication/figure_sources/Figures_1_2_editable_source.pptx to establish a canonical unambiguous path.
outputs/publication/main_tables/Table_1_data_products.csv,publication output or source,Yes,No,No,Yes,Yes,No,retain,referenced by active code; required for regeneration or validation
outputs/publication/main_tables/Table_1_data_products.html,publication output or source,Yes,No,No,Yes,Yes,No,retain,referenced by active code; required for regeneration or validation
outputs/publication/main_tables/Table_2_primary_evidence.csv,publication output or source,Yes,No,No,Yes,Yes,No,retain,referenced by active code; required for regeneration or validation
outputs/publication/main_tables/Table_2_primary_evidence.html,publication output or source,Yes,No,No,Yes,Yes,No,retain,referenced by active code; required for regeneration or validation
outputs/publication/Manuscript.docx,publication output or source,No,No,No,No,No,No,rename,Renamed to outputs/publication/manuscript/Chapter1_manuscript_final.docx to establish a canonical unambiguous path.
outputs/publication/manuscript/Chapter1_manuscript_final.docx,final manuscript,Yes,No,No,Yes,Yes,No,retain,referenced by active code; required for regeneration or validation
outputs/publication/supplement/Chapter1_Supplementary_Data.xlsx,supplement output or source,Yes,No,No,Yes,Yes,No,retain,referenced by active code; required for regeneration or validation
outputs/publication/supplement/Chapter1_Supplementary_Material.html,supplement output or source,Yes,No,No,Yes,Yes,No,retain,referenced by active code; required for regeneration or validation
outputs/publication/supplement/Chapter1_Supplementary_Material_final.docx,supplement output or source,Yes,No,No,Yes,Yes,No,retain,referenced by active code; required for regeneration or validation
outputs/publication/supplement/figures/Figure_S1_clustering_diagnostics.pdf,supplement output or source,No,No,No,Yes,No,No,retain,"retained publication-facing output, documentation, or repository metadata"
outputs/publication/supplement/figures/Figure_S1_clustering_diagnostics.png,supplement output or source,Yes,No,No,Yes,Yes,No,retain,referenced by active code; required for regeneration or validation
outputs/publication/supplement/figures/Figure_S2_threshold_spatial_sensitivities.pdf,supplement output or source,No,No,No,Yes,No,No,retain,"retained publication-facing output, documentation, or repository metadata"
outputs/publication/supplement/figures/Figure_S2_threshold_spatial_sensitivities.png,supplement output or source,Yes,No,No,Yes,Yes,No,retain,referenced by active code; required for regeneration or validation
outputs/publication/supplement/figures/Figure_S3_pairwise_pseudo_boundary_diagnostic.pdf,supplement output or source,No,No,No,Yes,No,No,retain,"retained publication-facing output, documentation, or repository metadata"
outputs/publication/supplement/figures/Figure_S3_pairwise_pseudo_boundary_diagnostic.png,supplement output or source,Yes,No,No,Yes,Yes,No,retain,referenced by active code; required for regeneration or validation
outputs/publication/supplement/README_supplementary_data.md,supplement output or source,Yes,No,No,Yes,Yes,No,retain,referenced by active code; required for regeneration or validation
outputs/publication/supplement/source_data/Figure_S1_source_data.csv,supplement output or source,Yes,No,No,Yes,Yes,No,retain,referenced by active code; required for regeneration or validation
outputs/publication/supplement/source_data/Figure_S2_source_data.csv,supplement output or source,Yes,No,No,Yes,Yes,No,retain,referenced by active code; required for regeneration or validation
outputs/publication/supplement/source_data/Figure_S3_pairwise_pseudo_boundary_diagnostic_source_data.csv,supplement output or source,Yes,No,No,Yes,Yes,No,retain,referenced by active code; required for regeneration or validation
outputs/publication/supplement/source_data/Table_S06A_annual_profile_assignments.csv,supplement output or source,Yes,No,No,Yes,Yes,No,retain,referenced by active code; required for regeneration or validation
outputs/publication/supplement/source_data/Table_S06B_approved_episode_evidence.csv,supplement output or source,Yes,No,No,Yes,Yes,No,retain,referenced by active code; required for regeneration or validation
outputs/publication/supplement/source_data/Table_S13_full_historical_diagnostics.csv,supplement output or source,Yes,No,No,Yes,Yes,No,retain,referenced by active code; required for regeneration or validation
outputs/publication/supplement/source_data/Table_S15_complete_actual_and_pseudo_boundary_profile_contrasts.csv,supplement output or source,Yes,No,No,Yes,Yes,No,retain,referenced by active code; required for regeneration or validation
outputs/publication/supplement/source_data/Table_S16_complete_pseudo_boundary_pairwise_differences.csv,supplement output or source,Yes,No,No,Yes,Yes,No,retain,referenced by active code; required for regeneration or validation
outputs/publication/supplement/tables/Table_S01_landscape_comparison_covariates.csv,supplement output or source,Yes,No,No,Yes,Yes,No,retain,referenced by active code; required for regeneration or validation
outputs/publication/supplement/tables/Table_S02_clustering_solution_selection.csv,supplement output or source,No,No,No,Yes,Yes,No,retain,required for regeneration or validation
outputs/publication/supplement/tables/Table_S03_clustering_stability_and_accessibility_sensitivity.csv,supplement output or source,No,No,No,Yes,Yes,No,retain,required for regeneration or validation
outputs/publication/supplement/tables/Table_S04_spatial_design_balance_and_event_support.csv,supplement output or source,Yes,No,No,Yes,Yes,No,retain,referenced by active code; required for regeneration or validation
outputs/publication/supplement/tables/Table_S05_landscape_group_and_side_support.csv,supplement output or source,Yes,No,No,Yes,Yes,No,retain,referenced by active code; required for regeneration or validation
outputs/publication/supplement/tables/Table_S06_territorial_control_chronology.csv,supplement output or source,Yes,No,No,Yes,Yes,No,retain,referenced by active code; required for regeneration or validation
outputs/publication/supplement/tables/Table_S07_profile_and_episode_support.csv,supplement output or source,No,No,No,Yes,Yes,No,retain,required for regeneration or validation
outputs/publication/supplement/tables/Table_S08_primary_profile_specific_contrasts.csv,supplement output or source,Yes,No,No,Yes,Yes,No,retain,referenced by active code; required for regeneration or validation
outputs/publication/supplement/tables/Table_S09_primary_pairwise_profile_differences.csv,supplement output or source,Yes,No,No,Yes,Yes,No,retain,referenced by active code; required for regeneration or validation
outputs/publication/supplement/tables/Table_S10_weighted_and_unweighted_sparse_outcome_models.csv,supplement output or source,No,No,No,Yes,Yes,No,retain,required for regeneration or validation
outputs/publication/supplement/tables/Table_S11_threshold_sensitivity.csv,supplement output or source,Yes,No,No,Yes,Yes,No,retain,referenced by active code; required for regeneration or validation
outputs/publication/supplement/tables/Table_S12_spatial_domain_sensitivity.csv,supplement output or source,Yes,No,No,Yes,Yes,No,retain,referenced by active code; required for regeneration or validation
outputs/publication/supplement/tables/Table_S13_landscape_transition_and_episode_diagnostics.csv,supplement output or source,Yes,No,No,Yes,Yes,No,retain,referenced by active code; required for regeneration or validation
outputs/publication/supplement/tables/Table_S14_fire_optimizer_diagnostics.csv,supplement output or source,Yes,No,No,Yes,Yes,No,retain,referenced by active code; required for regeneration or validation
outputs/publication/supplement/tables/Table_S15_actual_and_pseudo_boundary_profile_contrasts.csv,supplement output or source,Yes,No,No,Yes,Yes,No,retain,referenced by active code; required for regeneration or validation
outputs/publication/supplement/tables/Table_S16_boundary_specificity_classifications.csv,supplement output or source,Yes,No,No,Yes,Yes,No,retain,referenced by active code; required for regeneration or validation
outputs/publication/supplement/tables/Table_S16_pseudo_boundary_pairwise_differences.csv,supplement output or source,No,No,No,Yes,Yes,No,retain,required for regeneration or validation
outputs/publication/supplement/tables/Table_S17_measurement_and_validation_decisions.csv,supplement output or source,No,No,No,Yes,Yes,No,retain,required for regeneration or validation
outputs/publication/supplement/tables/Table_S18_reproducibility_environment_and_authoritative_inputs.csv,supplement output or source,No,No,No,Yes,Yes,No,retain,required for regeneration or validation
outputs/publication/Supplementary_Material.docx,publication output or source,No,No,No,No,No,No,rename,Renamed to outputs/publication/supplement/Chapter1_Supplementary_Material_final.docx to establish a canonical unambiguous path.
outputs/publication/table_source_data/Table_1_data_products_source.csv,publication output or source,Yes,No,No,Yes,Yes,No,retain,referenced by active code; required for regeneration or validation
outputs/publication/table_source_data/Table_2_primary_evidence_source.csv,publication output or source,Yes,No,No,Yes,Yes,No,retain,referenced by active code; required for regeneration or validation
outputs/README.md,repository metadata,No,No,No,Yes,No,No,retain,"retained publication-facing output, documentation, or repository metadata"
README.md,repository metadata,No,No,No,Yes,No,No,retain,"retained publication-facing output, documentation, or repository metadata"
renv.lock,repository metadata,Yes,No,No,Yes,Yes,Yes,retain,referenced by active code; required for regeneration or validation; retains unique scientific or environment provenance
renv/.gitignore,repository metadata,Yes,No,No,Yes,Yes,No,retain,referenced by active code; required for regeneration or validation
renv/activate.R,repository metadata,No,No,No,Yes,No,No,retain,"retained publication-facing output, documentation, or repository metadata"
renv/settings.json,repository metadata,No,No,No,Yes,No,No,retain,"retained publication-facing output, documentation, or repository metadata"
reports/fire_missingness_resolution/authoritative_fire_reproduction.csv,validation or provenance report,No,No,No,Yes,No,Yes,retain,retains unique scientific or environment provenance
reports/fire_missingness_resolution/authoritative_fire_reproduction.md,validation or provenance report,No,No,No,Yes,No,Yes,retain,retains unique scientific or environment provenance
reports/fire_missingness_resolution/fire_authoritative_missingness_comparison.csv,validation or provenance report,No,No,No,Yes,No,Yes,retain,retains unique scientific or environment provenance
reports/fire_missingness_resolution/fire_missingness_bounds_500m.csv,validation or provenance report,No,No,No,Yes,No,Yes,retain,retains unique scientific or environment provenance
reports/fire_missingness_resolution/fire_missingness_bounds_validation.csv,validation or provenance report,No,No,No,Yes,No,Yes,retain,retains unique scientific or environment provenance
reports/fire_missingness_resolution/fire_missingness_by_stratum.csv,validation or provenance report,No,No,No,Yes,No,Yes,retain,retains unique scientific or environment provenance
reports/fire_missingness_resolution/fire_missingness_final_decision.csv,validation or provenance report,Yes,No,No,Yes,Yes,Yes,retain,referenced by active code; required for regeneration or validation; retains unique scientific or environment provenance
reports/fire_missingness_resolution/fire_missingness_final_decision.md,validation or provenance report,Yes,No,No,Yes,Yes,Yes,retain,referenced by active code; required for regeneration or validation; retains unique scientific or environment provenance
reports/fire_missingness_resolution/fire_missingness_maps.png,validation or provenance report,No,No,No,Yes,No,Yes,retain,retains unique scientific or environment provenance
reports/fire_missingness_resolution/fire_missingness_model_comparison.md,validation or provenance report,No,No,No,Yes,No,Yes,retain,retains unique scientific or environment provenance
reports/fire_missingness_resolution/fire_missingness_optimizer_diagnostics.csv,validation or provenance report,No,No,No,Yes,No,Yes,retain,retains unique scientific or environment provenance
reports/fire_missingness_resolution/fire_missingness_summary.csv,validation or provenance report,Yes,No,No,Yes,Yes,Yes,retain,referenced by active code; required for regeneration or validation; retains unique scientific or environment provenance
reports/fire_missingness_resolution/fire_native_state_counts.csv,validation or provenance report,No,No,No,Yes,No,Yes,retain,retains unique scientific or environment provenance
reports/fire_missingness_resolution/fire_native_state_inconsistencies.csv,validation or provenance report,No,No,No,Yes,No,Yes,retain,retains unique scientific or environment provenance
reports/methods_review_final_audits/clustering_near_reproduction_acceptance.md,validation or provenance report,Yes,No,No,Yes,Yes,Yes,retain,referenced by active code; required for regeneration or validation; retains unique scientific or environment provenance
reports/methods_review_final_audits/clustering_near_reproduction_discrepancies.csv,validation or provenance report,Yes,No,No,Yes,Yes,Yes,retain,referenced by active code; required for regeneration or validation; retains unique scientific or environment provenance
reports/methods_review_final_audits/clustering_near_reproduction_discrepancy_map.png,validation or provenance report,No,No,No,Yes,No,Yes,retain,retains unique scientific or environment provenance
reports/methods_review_final_audits/final_methods_audit_decision.md,validation or provenance report,No,No,No,Yes,No,Yes,retain,retains unique scientific or environment provenance
reports/methods_review_final_audits/final_methods_audit_issue_classification.csv,validation or provenance report,No,No,No,Yes,No,Yes,retain,retains unique scientific or environment provenance
reports/methods_review_final_audits/final_methods_reporting_facts.csv,validation or provenance report,No,No,No,Yes,No,Yes,retain,retains unique scientific or environment provenance
reports/methods_review_final_audits/fire_authoritative_vs_observation_aware_cells.csv,validation or provenance report,No,No,No,Yes,No,Yes,retain,retains unique scientific or environment provenance
reports/methods_review_final_audits/fire_authoritative_vs_observation_aware_strata.csv,validation or provenance report,No,No,No,Yes,No,Yes,retain,retains unique scientific or environment provenance
reports/methods_review_final_audits/fire_authoritative_vs_observation_aware_summary.csv,validation or provenance report,No,No,No,Yes,No,Yes,retain,retains unique scientific or environment provenance
reports/methods_review_final_audits/fire_changed_cells_map.png,validation or provenance report,No,No,No,Yes,No,Yes,retain,retains unique scientific or environment provenance
reports/methods_review_final_audits/fire_monthly_jd_code_counts_completed.csv,validation or provenance report,No,No,No,Yes,No,Yes,retain,retains unique scientific or environment provenance
reports/methods_review_final_audits/fire_observation_aware_aggregation_diagnostics.csv,validation or provenance report,No,No,No,Yes,No,Yes,retain,retains unique scientific or environment provenance
reports/methods_review_final_audits/fire_observation_aware_audit.md,validation or provenance report,No,No,No,Yes,No,Yes,retain,retains unique scientific or environment provenance
reports/methods_review_final_audits/fire_observation_aware_fit_diagnostics.csv,validation or provenance report,No,No,No,Yes,No,Yes,retain,retains unique scientific or environment provenance
reports/methods_review_final_audits/fire_observation_aware_geometry_validation.csv,validation or provenance report,No,No,No,Yes,No,Yes,retain,retains unique scientific or environment provenance
reports/methods_review_final_audits/fire_observation_aware_model_comparison.md,validation or provenance report,No,No,No,Yes,No,Yes,retain,retains unique scientific or environment provenance
reports/methods_review_final_audits/fire_observation_aware_pairwise_differences.csv,validation or provenance report,No,No,No,Yes,No,Yes,retain,retains unique scientific or environment provenance
reports/methods_review_final_audits/fire_observation_aware_profile_contrasts.csv,validation or provenance report,No,No,No,Yes,No,Yes,retain,retains unique scientific or environment provenance
reports/methods_review_final_audits/fire_valid_coverage_500m.csv,validation or provenance report,No,No,No,Yes,No,Yes,retain,retains unique scientific or environment provenance
reports/methods_review_final_audits/fire_valid_coverage_by_stratum.csv,validation or provenance report,No,No,No,Yes,No,Yes,retain,retains unique scientific or environment provenance
reports/methods_review_final_audits/fire_valid_coverage_map_2021.png,validation or provenance report,No,No,No,Yes,No,Yes,retain,retains unique scientific or environment provenance
reports/methods_review_final_audits/fire_valid_coverage_map_2022.png,validation or provenance report,No,No,No,Yes,No,Yes,retain,retains unique scientific or environment provenance
reports/methods_review_final_audits/no_accessibility_cluster_support.csv,validation or provenance report,Yes,No,No,Yes,Yes,Yes,retain,referenced by active code; required for regeneration or validation; retains unique scientific or environment provenance
reports/methods_review_final_audits/no_accessibility_clustering_audit.md,validation or provenance report,Yes,No,No,Yes,Yes,Yes,retain,referenced by active code; required for regeneration or validation; retains unique scientific or environment provenance
reports/methods_review_final_audits/no_accessibility_clustering_map.png,validation or provenance report,No,No,No,Yes,No,Yes,retain,retains unique scientific or environment provenance
reports/methods_review_final_audits/no_accessibility_k3_comparison.csv,validation or provenance report,Yes,No,No,Yes,Yes,Yes,retain,referenced by active code; required for regeneration or validation; retains unique scientific or environment provenance
reports/methods_review_final_audits/no_accessibility_seed_stability.csv,validation or provenance report,Yes,No,No,Yes,Yes,Yes,retain,referenced by active code; required for regeneration or validation; retains unique scientific or environment provenance
reports/methods_review_final_audits/no_accessibility_selected_k_comparison.csv,validation or provenance report,Yes,No,No,Yes,Yes,Yes,retain,referenced by active code; required for regeneration or validation; retains unique scientific or environment provenance
reports/methods_review_final_audits/no_accessibility_silhouette_profile.csv,validation or provenance report,Yes,No,No,Yes,Yes,Yes,retain,referenced by active code; required for regeneration or validation; retains unique scientific or environment provenance
reports/methods_review_targeted_audits/clustering_area_after_cleaning.csv,validation or provenance report,No,No,No,Yes,No,Yes,retain,retains unique scientific or environment provenance
reports/methods_review_targeted_audits/clustering_area_before_cleaning.csv,validation or provenance report,No,No,No,Yes,No,Yes,retain,retains unique scientific or environment provenance
reports/methods_review_targeted_audits/clustering_despeckling_summary.csv,validation or provenance report,No,No,No,Yes,No,Yes,retain,retains unique scientific or environment provenance
reports/methods_review_targeted_audits/clustering_no_accessibility_audit.md,validation or provenance report,No,No,No,Yes,No,Yes,retain,retains unique scientific or environment provenance
reports/methods_review_targeted_audits/clustering_no_accessibility_comparison.csv,validation or provenance report,No,No,No,Yes,No,Yes,retain,retains unique scientific or environment provenance
reports/methods_review_targeted_audits/clustering_no_accessibility_map.png,validation or provenance report,No,No,No,Yes,No,Yes,retain,retains unique scientific or environment provenance
reports/methods_review_targeted_audits/clustering_no_accessibility_silhouette.csv,validation or provenance report,No,No,No,Yes,No,Yes,retain,retains unique scientific or environment provenance
reports/methods_review_targeted_audits/clustering_reproduction_summary.csv,validation or provenance report,No,No,No,Yes,No,Yes,retain,retains unique scientific or environment provenance
reports/methods_review_targeted_audits/clustering_reproduction_validation.md,validation or provenance report,No,No,No,Yes,No,Yes,retain,retains unique scientific or environment provenance
reports/methods_review_targeted_audits/clustering_seed_stability.csv,validation or provenance report,No,No,No,Yes,No,Yes,retain,retains unique scientific or environment provenance
reports/methods_review_targeted_audits/clustering_silhouette_profile_full.csv,validation or provenance report,Yes,No,No,Yes,Yes,Yes,retain,referenced by active code; required for regeneration or validation; retains unique scientific or environment provenance
reports/methods_review_targeted_audits/fire_authoritative_vs_observation_aware.csv,validation or provenance report,No,No,No,Yes,No,Yes,retain,retains unique scientific or environment provenance
reports/methods_review_targeted_audits/fire_authoritative_vs_observation_aware_by_stratum.csv,validation or provenance report,No,No,No,Yes,No,Yes,retain,retains unique scientific or environment provenance
reports/methods_review_targeted_audits/fire_monthly_jd_code_counts.csv,validation or provenance report,No,No,No,Yes,No,Yes,retain,retains unique scientific or environment provenance
reports/methods_review_targeted_audits/fire_observation_aware_fit_diagnostics.csv,validation or provenance report,No,No,No,Yes,No,Yes,retain,retains unique scientific or environment provenance
reports/methods_review_targeted_audits/fire_observation_aware_pairwise_differences.csv,validation or provenance report,No,No,No,Yes,No,Yes,retain,retains unique scientific or environment provenance
reports/methods_review_targeted_audits/fire_observation_aware_profile_contrasts.csv,validation or provenance report,No,No,No,Yes,No,Yes,retain,retains unique scientific or environment provenance
reports/methods_review_targeted_audits/fire_valid_coverage_500m.csv,validation or provenance report,No,No,No,Yes,No,Yes,retain,retains unique scientific or environment provenance
reports/methods_review_targeted_audits/fire_valid_observation_audit.md,validation or provenance report,No,No,No,Yes,No,Yes,retain,retains unique scientific or environment provenance
reports/methods_review_targeted_audits/methods_reporting_facts.csv,validation or provenance report,No,No,No,Yes,No,Yes,retain,retains unique scientific or environment provenance
reports/methods_review_targeted_audits/methods_review_targeted_audit_decision.md,validation or provenance report,No,No,No,Yes,No,Yes,retain,retains unique scientific or environment provenance
reports/methods_review_targeted_audits/sesu2_event_support.csv,validation or provenance report,Yes,No,No,Yes,Yes,Yes,retain,referenced by active code; required for regeneration or validation; retains unique scientific or environment provenance
reports/methods_review_targeted_audits/sesu2_profile_availability.csv,validation or provenance report,No,No,No,Yes,No,Yes,retain,retains unique scientific or environment provenance
reports/methods_review_targeted_audits/sesu2_support_audit.md,validation or provenance report,Yes,No,No,Yes,Yes,Yes,retain,referenced by active code; required for regeneration or validation; retains unique scientific or environment provenance
reports/methods_review_targeted_audits/sesu2_support_by_spatial_design.csv,validation or provenance report,Yes,No,No,Yes,Yes,Yes,retain,referenced by active code; required for regeneration or validation; retains unique scientific or environment provenance
reports/publication/reproducibility_status.md,validation or provenance report,No,No,No,Yes,No,Yes,retain,retains unique scientific or environment provenance
reports/publication/submission_metadata_pending.md,validation or provenance report,No,No,No,Yes,No,Yes,retain,retains unique scientific or environment provenance
reports/publication_outputs/event_total_validation.csv,validation or provenance report,No,No,No,No,No,No,delete,Ambiguous validation filename and broken source path superseded by Figure_2_event_total_validation.csv.
reports/publication_outputs/Figure_2_chronology_time_series_old_style_candidate_event_total_validation.csv,validation or provenance report,No,No,No,No,No,No,delete,Obsolete candidate validation superseded by Figure_2_event_total_validation.csv.
reports/publication_outputs/Figure_2_chronology_time_series_old_style_candidate_pubqual_event_total_validation.csv,validation or provenance report,No,No,No,No,No,No,delete,Obsolete candidate validation superseded by Figure_2_event_total_validation.csv.
reports/publication_outputs/Figure_2_chronology_time_series_old_style_candidate_pubqual_validation.txt,validation or provenance report,No,No,No,No,No,No,delete,Obsolete candidate validation superseded by Figure_2_validation.txt.
reports/publication_outputs/Figure_2_chronology_time_series_old_style_candidate_validation.txt,validation or provenance report,No,No,No,No,No,No,delete,Obsolete candidate validation superseded by Figure_2_validation.txt.
reports/publication_outputs/Figure_2_event_total_validation.csv,validation or provenance report,Yes,No,No,Yes,Yes,Yes,retain,referenced by active code; required for regeneration or validation; retains unique scientific or environment provenance
reports/publication_outputs/Figure_2_validation.txt,validation or provenance report,Yes,No,No,Yes,Yes,Yes,retain,referenced by active code; required for regeneration or validation; retains unique scientific or environment provenance
reports/publication_outputs/figure_layout_revision_v2.md,validation or provenance report,Yes,No,No,Yes,Yes,Yes,retain,referenced by active code; required for regeneration or validation; retains unique scientific or environment provenance
reports/publication_outputs/main_figure_captions.md,validation or provenance report,Yes,No,No,Yes,Yes,Yes,retain,referenced by active code; required for regeneration or validation; retains unique scientific or environment provenance
reports/publication_outputs/main_table_captions.md,validation or provenance report,Yes,No,No,Yes,Yes,Yes,retain,referenced by active code; required for regeneration or validation; retains unique scientific or environment provenance
reports/publication_outputs/publication_input_registry.csv,validation or provenance report,Yes,No,No,Yes,Yes,Yes,retain,referenced by active code; required for regeneration or validation; retains unique scientific or environment provenance
reports/publication_outputs/publication_output_provenance.csv,validation or provenance report,Yes,No,No,Yes,Yes,Yes,retain,referenced by active code; required for regeneration or validation; retains unique scientific or environment provenance
reports/publication_outputs/publication_output_validation.md,validation or provenance report,Yes,No,No,Yes,Yes,Yes,retain,referenced by active code; required for regeneration or validation; retains unique scientific or environment provenance
reports/repository/ANALYTICAL_OUTPUTS.md,validation or provenance report,No,No,No,Yes,No,Yes,retain,retains unique scientific or environment provenance
reports/repository/audit_summary.json,validation or provenance report,No,No,No,Yes,No,Yes,retain,retains unique scientific or environment provenance
reports/repository/authoritative_file_resolution.csv,validation or provenance report,No,No,No,Yes,No,Yes,retain,retains unique scientific or environment provenance
reports/repository/cleanup_actions.csv,validation or provenance report,Yes,No,No,Yes,Yes,Yes,retain,referenced by active code; required for regeneration or validation; retains unique scientific or environment provenance
reports/repository/dependency_audit.csv,validation or provenance report,No,No,No,Yes,No,Yes,retain,retains unique scientific or environment provenance
reports/repository/downstream_obsolete_file_validation.csv,validation or provenance report,Yes,No,No,Yes,Yes,Yes,retain,referenced by active code; required for regeneration or validation; retains unique scientific or environment provenance
reports/repository/downstream_required_file_validation.csv,validation or provenance report,Yes,No,No,Yes,Yes,Yes,retain,referenced by active code; required for regeneration or validation; retains unique scientific or environment provenance
reports/repository/downstream_stage_validation.csv,validation or provenance report,Yes,No,No,Yes,Yes,Yes,retain,referenced by active code; required for regeneration or validation; retains unique scientific or environment provenance
reports/repository/downstream_static_validation.csv,validation or provenance report,Yes,No,No,Yes,Yes,Yes,retain,referenced by active code; required for regeneration or validation; retains unique scientific or environment provenance
reports/repository/duplicate_groups.csv,validation or provenance report,No,No,No,Yes,No,Yes,retain,retains unique scientific or environment provenance
reports/repository/final_cleanup_actions.csv,validation or provenance report,Yes,No,No,Yes,Yes,Yes,retain,referenced by active code; required for regeneration or validation; retains unique scientific or environment provenance
reports/repository/final_retention_manifest.csv,validation or provenance report,Yes,No,No,Yes,Yes,Yes,retain,referenced by active code; required for regeneration or validation; retains unique scientific or environment provenance
reports/repository/final_validation.md,validation or provenance report,No,No,No,Yes,No,Yes,retain,retains unique scientific or environment provenance
reports/repository/frozen_classification_validation.csv,validation or provenance report,Yes,No,No,Yes,Yes,Yes,retain,referenced by active code; required for regeneration or validation; retains unique scientific or environment provenance
reports/repository/frozen_event_total_validation.csv,validation or provenance report,Yes,No,No,Yes,Yes,Yes,retain,referenced by active code; required for regeneration or validation; retains unique scientific or environment provenance
reports/repository/frozen_result_validation.csv,validation or provenance report,Yes,No,No,Yes,Yes,Yes,retain,referenced by active code; required for regeneration or validation; retains unique scientific or environment provenance
reports/repository/large_file_audit.csv,validation or provenance report,No,No,No,Yes,No,Yes,retain,retains unique scientific or environment provenance
reports/repository/reconciliation_plan.md,validation or provenance report,No,No,No,Yes,No,Yes,retain,retains unique scientific or environment provenance
reports/repository/two_repository_inventory.csv,validation or provenance report,No,No,No,Yes,No,Yes,retain,retains unique scientific or environment provenance
reports/supplement/governance_episode_evidence_audit.md,validation or provenance report,No,No,No,Yes,No,Yes,retain,retains unique scientific or environment provenance
reports/supplement/main_text_cross_reference_map.csv,validation or provenance report,Yes,No,No,Yes,Yes,Yes,retain,referenced by active code; required for regeneration or validation; retains unique scientific or environment provenance
reports/supplement/sessionInfo.txt,validation or provenance report,Yes,No,No,Yes,Yes,Yes,retain,referenced by active code; required for regeneration or validation; retains unique scientific or environment provenance
reports/supplement/supplement_generation_log.md,validation or provenance report,Yes,No,No,Yes,Yes,Yes,retain,referenced by active code; required for regeneration or validation; retains unique scientific or environment provenance
reports/supplement/supplement_manifest.csv,validation or provenance report,Yes,No,No,Yes,Yes,Yes,retain,referenced by active code; required for regeneration or validation; retains unique scientific or environment provenance
reports/supplement/supplement_validation.md,validation or provenance report,Yes,No,No,Yes,Yes,Yes,retain,referenced by active code; required for regeneration or validation; retains unique scientific or environment provenance
reports/supplement/table_s5_fire_reconciliation.md,validation or provenance report,Yes,No,No,Yes,Yes,Yes,retain,referenced by active code; required for regeneration or validation; retains unique scientific or environment provenance
RUN_ANALYSIS.md,repository metadata,No,No,No,Yes,No,No,retain,"retained publication-facing output, documentation, or repository metadata"
SANITIZATION.md,repository metadata,Yes,No,No,Yes,Yes,Yes,retain,referenced by active code; required for regeneration or validation; retains unique scientific or environment provenance
scripts/acquisition/00_acquire_remote_sensing_gee.txt,active script,No,No,No,Yes,Yes,No,retain,required for regeneration or validation
scripts/analysis/01_fit_governance_profile_models.R,active script,No,No,No,Yes,Yes,No,retain,required for regeneration or validation
scripts/analysis/02_fit_sparse_outcomes_and_profile_robustness.R,active script,No,No,No,Yes,Yes,No,retain,required for regeneration or validation
scripts/analysis/03_refine_fire_10km_optimizer.R,active script,No,No,No,Yes,Yes,No,retain,required for regeneration or validation
scripts/lib/project_paths.R,active script,Yes,No,No,Yes,Yes,No,retain,referenced by active code; required for regeneration or validation
scripts/preprocessing/01_preprocess_fire_agriculture_sources.R,active script,No,No,No,Yes,Yes,No,retain,required for regeneration or validation
scripts/preprocessing/02_construct_landscape_groups.R,active script,No,No,No,Yes,Yes,No,retain,required for regeneration or validation
scripts/preprocessing/03_prepare_cell_year_data.R,active script,No,No,No,Yes,Yes,No,retain,required for regeneration or validation
scripts/preprocessing/04_harmonize_fire_2021_2022.R,active script,No,No,No,Yes,Yes,No,retain,required for regeneration or validation
scripts/publication/06_generate_main_figures_tables.R,active script,Yes,No,No,Yes,Yes,No,retain,referenced by active code; required for regeneration or validation
scripts/publication/07_generate_supplementary_material.R,active script,Yes,No,No,Yes,Yes,No,retain,referenced by active code; required for regeneration or validation
scripts/publication/08_generate_figure2_chronology_time_series.R,active script,Yes,No,No,Yes,Yes,No,retain,referenced by active code; required for regeneration or validation
scripts/publication/08_generate_figure2_old_style.R,active script,No,No,No,No,No,No,rename,Renamed to scripts/publication/08_generate_figure2_chronology_time_series.R to establish a canonical unambiguous path.
scripts/sensitivity/01_run_spatial_threshold_sensitivity.R,active script,No,No,No,Yes,Yes,No,retain,required for regeneration or validation
scripts/sensitivity/02_audit_measurement_harmonization.R,active script,No,No,No,Yes,Yes,No,retain,required for regeneration or validation
scripts/sensitivity/03_run_revised_boundary_falsification.R,active script,No,No,No,Yes,Yes,No,retain,required for regeneration or validation
tests/README.md,frozen-result test,No,No,No,Yes,Yes,No,retain,required for regeneration or validation
tests/reference/frozen_classification_checks.csv,frozen-result test,Yes,No,No,Yes,Yes,No,retain,referenced by active code; required for regeneration or validation
tests/reference/frozen_result_checks.csv,frozen-result test,Yes,No,No,Yes,Yes,No,retain,referenced by active code; required for regeneration or validation
tests/scripts/compare_frozen_results.R,frozen-result test,Yes,No,No,Yes,Yes,No,retain,referenced by active code; required for regeneration or validation
tests/scripts/run_downstream_validation.R,frozen-result test,Yes,No,No,Yes,Yes,No,retain,referenced by active code; required for regeneration or validation
