path,size_bytes,size_mib,category,action
reports/fire_missingness_resolution/fire_missingness_bounds_500m.csv,34368496,32.776,below_50_MiB,eligible if scientifically appropriate
outputs/publication/main_figures/Figure_1_study_design.png,1945215,1.855,below_50_MiB,eligible if scientifically appropriate
analysis_spatial_falsification_revised_dev/figures/revised_pseudo_boundary_map.png,1449420,1.382,below_50_MiB,eligible if scientifically appropriate
outputs/publication/main_figures/Figure_1_study_design.pdf,1371969,1.308,below_50_MiB,eligible if scientifically appropriate
outputs/publication/manuscript/Chapter1_manuscript_final.docx,1131457,1.079,below_50_MiB,eligible if scientifically appropriate
outputs/publication/supplement/Chapter1_Supplementary_Material_final.docx,731216,0.697,below_50_MiB,eligible if scientifically appropriate
analysis_spatial_falsification_revised_dev/tables/sparse_boundary_sesu_year_contrasts.csv,648213,0.618,below_50_MiB,eligible if scientifically appropriate
outputs/publication/main_figures/Figure_4_boundary_location_diagnostic.png,592818,0.565,below_50_MiB,eligible if scientifically appropriate
outputs/publication/main_figures/Figure_2_chronology_time_series.png,585906,0.559,below_50_MiB,eligible if scientifically appropriate
analysis_governance_profiles_robustness_dev/tables/bootstrap_replicate_diagnostics.csv,540480,0.515,below_50_MiB,eligible if scientifically appropriate
analysis_spatial_falsification_revised_dev/tables/boundary_surface_summary.csv,492147,0.469,below_50_MiB,eligible if scientifically appropriate
reports/repository/two_repository_inventory.csv,420245,0.401,below_50_MiB,eligible if scientifically appropriate
analysis_spatial_threshold_sensitivity_dev/tables/event_support_detailed.csv,368615,0.352,below_50_MiB,eligible if scientifically appropriate
renv.lock,362192,0.345,below_50_MiB,eligible if scientifically appropriate
outputs/publication/supplement/figures/Figure_S2_threshold_spatial_sensitivities.png,333640,0.318,below_50_MiB,eligible if scientifically appropriate
outputs/publication/main_figures/Figure_3_primary_contrasts.png,319978,0.305,below_50_MiB,eligible if scientifically appropriate
analysis_spatial_threshold_sensitivity_dev/tables/sparse_outcome_sesu_year_contrasts.csv,249761,0.238,below_50_MiB,eligible if scientifically appropriate
outputs/publication/supplement/figures/Figure_S3_pairwise_pseudo_boundary_diagnostic.png,242731,0.231,below_50_MiB,eligible if scientifically appropriate
analysis_governance_profiles_robustness_dev/tables/transition_sensitivity_fit_diagnostics.csv,242318,0.231,below_50_MiB,eligible if scientifically appropriate
outputs/publication/supplement/figures/Figure_S1_clustering_diagnostics.png,232532,0.222,below_50_MiB,eligible if scientifically appropriate
reports/repository/duplicate_groups.csv,217148,0.207,below_50_MiB,eligible if scientifically appropriate
analysis_spatial_falsification_revised_dev/figures/sparse_profile_contrasts_by_boundary_center.png,139261,0.133,below_50_MiB,eligible if scientifically appropriate
outputs/publication/supplement/Chapter1_Supplementary_Material.html,124876,0.119,below_50_MiB,eligible if scientifically appropriate
data/manifests/required_external_inputs.csv,99902,0.095,below_50_MiB,eligible if scientifically appropriate
analysis_governance_profiles_robustness_dev/tables/leave_one_episode_out_fit_diagnostics.csv,94212,0.090,below_50_MiB,eligible if scientifically appropriate
analysis_spatial_falsification_revised_dev/figures/fire_profile_contrasts_by_boundary_center.png,91835,0.088,below_50_MiB,eligible if scientifically appropriate
analysis_fire_optimizer_refinement_dev/tables/fire_10km_optimizer_parameter_comparison.csv,84911,0.081,below_50_MiB,eligible if scientifically appropriate
scripts/publication/07_generate_supplementary_material.R,84801,0.081,below_50_MiB,eligible if scientifically appropriate
analysis_spatial_threshold_sensitivity_dev/figures/profile_contrasts_by_threshold_and_buffer.png,84293,0.080,below_50_MiB,eligible if scientifically appropriate
outputs/publication/supplement/Chapter1_Supplementary_Data.xlsx,74480,0.071,below_50_MiB,eligible if scientifically appropriate
outputs/publication/supplement/source_data/Table_S13_full_historical_diagnostics.csv,71735,0.068,below_50_MiB,eligible if scientifically appropriate
outputs/publication/supplement/source_data/Figure_S3_pairwise_pseudo_boundary_diagnostic_source_data.csv,60664,0.058,below_50_MiB,eligible if scientifically appropriate
analysis_governance_profiles_robustness_dev/tables/transition_sensitivity_profile_contrasts.csv,59645,0.057,below_50_MiB,eligible if scientifically appropriate
scripts/sensitivity/03_run_revised_boundary_falsification.R,58605,0.056,below_50_MiB,eligible if scientifically appropriate
outputs/publication/figure_source_data/Figure_2_annual_trajectories.csv,54835,0.052,below_50_MiB,eligible if scientifically appropriate
reports/methods_review_final_audits/no_accessibility_clustering_map.png,53127,0.051,below_50_MiB,eligible if scientifically appropriate
outputs/publication/main_figures/Figure_4_boundary_location_diagnostic.pdf,52980,0.051,below_50_MiB,eligible if scientifically appropriate
analysis_spatial_falsification_revised_dev/tables/revised_boundary_covariate_balance.csv,52057,0.050,below_50_MiB,eligible if scientifically appropriate
reports/methods_review_final_audits/fire_changed_cells_map.png,51444,0.049,below_50_MiB,eligible if scientifically appropriate
analysis_spatial_falsification_revised_dev/figures/revised_boundary_covariate_balance.png,50105,0.048,below_50_MiB,eligible if scientifically appropriate
analysis_governance_profiles_robustness_dev/tables/transition_sensitivity_pairwise_differences.csv,49732,0.047,below_50_MiB,eligible if scientifically appropriate
scripts/publication/06_generate_main_figures_tables.R,48626,0.046,below_50_MiB,eligible if scientifically appropriate
outputs/publication/figure_source_data/Figure_4_pairwise_boundary_estimates.csv,48039,0.046,below_50_MiB,eligible if scientifically appropriate
scripts/analysis/02_fit_sparse_outcomes_and_profile_robustness.R,47645,0.045,below_50_MiB,eligible if scientifically appropriate
outputs/publication/figure_source_data/Figure_4_profile_boundary_estimates.csv,45955,0.044,below_50_MiB,eligible if scientifically appropriate
reports/methods_review_final_audits/fire_valid_coverage_map_2021.png,45495,0.043,below_50_MiB,eligible if scientifically appropriate
reports/methods_review_final_audits/fire_valid_coverage_map_2022.png,45471,0.043,below_50_MiB,eligible if scientifically appropriate
analysis_spatial_threshold_sensitivity_dev/tables/event_support_summary.csv,45100,0.043,below_50_MiB,eligible if scientifically appropriate
outputs/publication/supplement/figures/Figure_S3_pairwise_pseudo_boundary_diagnostic.pdf,43897,0.042,below_50_MiB,eligible if scientifically appropriate
scripts/sensitivity/02_audit_measurement_harmonization.R,42840,0.041,below_50_MiB,eligible if scientifically appropriate
analysis_spatial_falsification_revised_dev/figures/actual_vs_spaced_outer_comparison.png,41528,0.040,below_50_MiB,eligible if scientifically appropriate
outputs/publication/main_figures/Figure_2_chronology_time_series.pdf,41162,0.039,below_50_MiB,eligible if scientifically appropriate
analysis_spatial_falsification_revised_dev/tables/sparse_boundary_profile_estimates.csv,41134,0.039,below_50_MiB,eligible if scientifically appropriate
renv/activate.R,39257,0.037,below_50_MiB,eligible if scientifically appropriate
scripts/sensitivity/01_run_spatial_threshold_sensitivity.R,39209,0.037,below_50_MiB,eligible if scientifically appropriate
analysis_governance_profiles_robustness_dev/tables/sesu_year_inside_outside_contrasts.csv,38497,0.037,below_50_MiB,eligible if scientifically appropriate
analysis_spatial_falsification_revised_dev/tables/sparse_boundary_pairwise_differences.csv,38010,0.036,below_50_MiB,eligible if scientifically appropriate
outputs/publication/supplement/figures/Figure_S2_threshold_spatial_sensitivities.pdf,37955,0.036,below_50_MiB,eligible if scientifically appropriate
analysis_spatial_threshold_sensitivity_dev/tables/rare_outcome_beta_binomial_diagnostics.csv,37770,0.036,below_50_MiB,eligible if scientifically appropriate
config/fire_harmonized_2001_2022_manifest.csv,34484,0.033,below_50_MiB,eligible if scientifically appropriate
reports/fire_missingness_resolution/fire_missingness_maps.png,33135,0.032,below_50_MiB,eligible if scientifically appropriate
analysis_spatial_threshold_sensitivity_dev/figures/event_support_by_threshold_and_buffer.png,32987,0.031,below_50_MiB,eligible if scientifically appropriate
outputs/publication/main_figures/Figure_3_primary_contrasts.pdf,32676,0.031,below_50_MiB,eligible if scientifically appropriate
analysis_spatial_threshold_sensitivity_dev/tables/sparse_outcome_pairwise_differences.csv,31850,0.030,below_50_MiB,eligible if scientifically appropriate
outputs/publication/supplement/source_data/Figure_S2_source_data.csv,31530,0.030,below_50_MiB,eligible if scientifically appropriate
analysis_governance_profiles_robustness_dev/tables/optimizer_coefficient_comparison.csv,30926,0.029,below_50_MiB,eligible if scientifically appropriate
analysis_governance_profiles_robustness_dev/tables/leave_one_episode_out_profile_contrasts.csv,30430,0.029,below_50_MiB,eligible if scientifically appropriate
analysis_spatial_threshold_sensitivity_dev/tables/sparse_outcome_profile_estimates.csv,29259,0.028,below_50_MiB,eligible if scientifically appropriate
scripts/preprocessing/04_harmonize_fire_2021_2022.R,28863,0.028,below_50_MiB,eligible if scientifically appropriate
outputs/publication/supplement/figures/Figure_S1_clustering_diagnostics.pdf,27524,0.026,below_50_MiB,eligible if scientifically appropriate
scripts/preprocessing/03_prepare_cell_year_data.R,26694,0.025,below_50_MiB,eligible if scientifically appropriate
analysis_governance_profiles_robustness_dev/tables/leave_one_episode_out_pairwise_differences.csv,26349,0.025,below_50_MiB,eligible if scientifically appropriate
scripts/acquisition/00_acquire_remote_sensing_gee.txt,24871,0.024,below_50_MiB,eligible if scientifically appropriate
scripts/analysis/03_refine_fire_10km_optimizer.R,22676,0.022,below_50_MiB,eligible if scientifically appropriate
scripts/analysis/01_fit_governance_profile_models.R,20802,0.020,below_50_MiB,eligible if scientifically appropriate
docs/provenance/script_dependency_manifest.csv,20598,0.020,below_50_MiB,eligible if scientifically appropriate
outputs/publication/supplement/tables/Table_S06_territorial_control_chronology.csv,20345,0.019,below_50_MiB,eligible if scientifically appropriate
analysis_spatial_threshold_sensitivity_dev/tables/covariate_balance_by_sesu.csv,20261,0.019,below_50_MiB,eligible if scientifically appropriate
outputs/publication/supplement/source_data/Table_S16_complete_pseudo_boundary_pairwise_differences.csv,20062,0.019,below_50_MiB,eligible if scientifically appropriate
reports/methods_review_final_audits/clustering_near_reproduction_discrepancy_map.png,19939,0.019,below_50_MiB,eligible if scientifically appropriate
analysis_spatial_falsification_revised_dev/tables/fire_boundary_fit_diagnostics.csv,19835,0.019,below_50_MiB,eligible if scientifically appropriate
analysis_spatial_threshold_sensitivity_dev/tables/spatial_threshold_pairwise_comparison.csv,19480,0.019,below_50_MiB,eligible if scientifically appropriate
reports/methods_review_final_audits/clustering_near_reproduction_discrepancies.csv,19304,0.018,below_50_MiB,eligible if scientifically appropriate
analysis_spatial_threshold_sensitivity_dev/figures/covariate_balance_by_buffer.png,19240,0.018,below_50_MiB,eligible if scientifically appropriate
analysis_governance_profiles_robustness_dev/tables/optimizer_fit_diagnostics.csv,18630,0.018,below_50_MiB,eligible if scientifically appropriate
scripts/preprocessing/02_construct_landscape_groups.R,18345,0.017,below_50_MiB,eligible if scientifically appropriate
analysis_spatial_threshold_sensitivity_dev/tables/fire_fit_diagnostics.csv,17882,0.017,below_50_MiB,eligible if scientifically appropriate
analysis_spatial_falsification_revised_dev/tables/outer_gradient_pairwise_results.csv,17833,0.017,below_50_MiB,eligible if scientifically appropriate
outputs/publication/supplement/source_data/Table_S15_complete_actual_and_pseudo_boundary_profile_contrasts.csv,17248,0.016,below_50_MiB,eligible if scientifically appropriate
analysis_spatial_threshold_sensitivity_dev/tables/spatial_threshold_contrast_comparison.csv,17246,0.016,below_50_MiB,eligible if scientifically appropriate
outputs/publication/supplement/source_data/Table_S06B_approved_episode_evidence.csv,16884,0.016,below_50_MiB,eligible if scientifically appropriate
evidence/governance_episode_evidence_ledger.csv,16826,0.016,below_50_MiB,eligible if scientifically appropriate
analysis_spatial_falsification_revised_dev/tables/outer_gradient_profile_results.csv,15681,0.015,below_50_MiB,eligible if scientifically appropriate
outputs/publication/supplement/tables/Table_S12_spatial_domain_sensitivity.csv,15169,0.014,below_50_MiB,eligible if scientifically appropriate
analysis_spatial_threshold_sensitivity_dev/tables/tau025_allcell_reproduction_check.csv,14717,0.014,below_50_MiB,eligible if scientifically appropriate
reports/repository/cleanup_actions.csv,14168,0.014,below_50_MiB,eligible if scientifically appropriate
candidate_file_manifest.csv,13477,0.013,below_50_MiB,eligible if scientifically appropriate
analysis_spatial_threshold_sensitivity_dev/tables/tau025_input_comparison.csv,11436,0.011,below_50_MiB,eligible if scientifically appropriate
outputs/publication/supplement/tables/Table_S11_threshold_sensitivity.csv,10962,0.010,below_50_MiB,eligible if scientifically appropriate
reports/repository/dependency_audit.csv,10679,0.010,below_50_MiB,eligible if scientifically appropriate
config/disturbance_measurement_versions.csv,10330,0.010,below_50_MiB,eligible if scientifically appropriate
tests/scripts/compare_frozen_results.R,10237,0.010,below_50_MiB,eligible if scientifically appropriate
analysis_governance_profiles_robustness_dev/tables/sesu_heterogeneity_fit_diagnostics.csv,10035,0.010,below_50_MiB,eligible if scientifically appropriate
analysis_spatial_threshold_sensitivity_dev/tables/input_raster_validation.csv,9754,0.009,below_50_MiB,eligible if scientifically appropriate
analysis_governance_profiles_robustness_dev/tables/best_diagnostic_candidate_optimizer.csv,9522,0.009,below_50_MiB,eligible if scientifically appropriate
outputs/publication/supplement/tables/Table_S16_pseudo_boundary_pairwise_differences.csv,9479,0.009,below_50_MiB,eligible if scientifically appropriate
reports/methods_review_targeted_audits/fire_monthly_jd_code_counts.csv,9429,0.009,below_50_MiB,eligible if scientifically appropriate
analysis_spatial_falsification_revised_dev/tables/fire_boundary_profile_contrasts.csv,9428,0.009,below_50_MiB,eligible if scientifically appropriate
analysis_spatial_threshold_sensitivity_dev/provenance/tau025_reproduction_audit.md,9371,0.009,below_50_MiB,eligible if scientifically appropriate
analysis_spatial_threshold_sensitivity_dev/tables/sparse_strata_flags.csv,8950,0.009,below_50_MiB,eligible if scientifically appropriate
analysis_spatial_threshold_sensitivity_dev/provenance/disturbance_threshold_manifest_resolved.csv,8943,0.009,below_50_MiB,eligible if scientifically appropriate
analysis_spatial_falsification_revised_dev/tables/fire_boundary_pairwise_differences.csv,8896,0.008,below_50_MiB,eligible if scientifically appropriate
reports/supplement/governance_episode_evidence_audit.md,8666,0.008,below_50_MiB,eligible if scientifically appropriate
reports/supplement/supplement_manifest.csv,8414,0.008,below_50_MiB,eligible if scientifically appropriate
analysis_governance_profiles_robustness_dev/tables/governance_profile_robustness_summary.csv,8337,0.008,below_50_MiB,eligible if scientifically appropriate
tests/scripts/run_downstream_validation.R,8211,0.008,below_50_MiB,eligible if scientifically appropriate
outputs/publication/supplement/tables/Table_S15_actual_and_pseudo_boundary_profile_contrasts.csv,8121,0.008,below_50_MiB,eligible if scientifically appropriate
analysis_fire_optimizer_refinement_dev/tables/fire_10km_optimizer_diagnostics.csv,7746,0.007,below_50_MiB,eligible if scientifically appropriate
scripts/preprocessing/01_preprocess_fire_agriculture_sources.R,7499,0.007,below_50_MiB,eligible if scientifically appropriate
docs/decisions/fire_2021_2022_harmonization_report.md,7195,0.007,below_50_MiB,eligible if scientifically appropriate
reports/methods_review_targeted_audits/methods_reporting_facts.csv,7007,0.007,below_50_MiB,eligible if scientifically appropriate
analysis_spatial_falsification_revised_dev/tables/fire_boundary_retained_fits.csv,6983,0.007,below_50_MiB,eligible if scientifically appropriate
analysis_governance_profiles_robustness_dev/tables/optimizer_profile_contrast_comparison.csv,6875,0.007,below_50_MiB,eligible if scientifically appropriate
analysis_spatial_threshold_sensitivity_dev/tables/rare_outcome_beta_binomial_profile_contrasts.csv,6845,0.007,below_50_MiB,eligible if scientifically appropriate
docs/decisions/spatial_boundary_falsification_revised_report.md,6793,0.006,below_50_MiB,eligible if scientifically appropriate
analysis_fire_optimizer_refinement_dev/tables/fire_10km_optimizer_pairwise_differences.csv,6614,0.006,below_50_MiB,eligible if scientifically appropriate
analysis_governance_profiles_robustness_dev/logs/diagnose_agriculture_canonical_nlminb_default.txt,6210,0.006,below_50_MiB,eligible if scientifically appropriate
analysis_governance_profiles_robustness_dev/logs/diagnose_agriculture_canonical_nlminb_strict.txt,6210,0.006,below_50_MiB,eligible if scientifically appropriate
analysis_governance_profiles_robustness_dev/logs/diagnose_agriculture_canonical_optim_bfgs.txt,6115,0.006,below_50_MiB,eligible if scientifically appropriate
outputs/publication/figure_source_data/Figure_2_profile_chronology.csv,6051,0.006,below_50_MiB,eligible if scientifically appropriate
outputs/publication/supplement/tables/Table_S16_boundary_specificity_classifications.csv,5979,0.006,below_50_MiB,eligible if scientifically appropriate
reports/repository/authoritative_file_resolution.csv,5760,0.005,below_50_MiB,eligible if scientifically appropriate
reports/methods_review_final_audits/fire_valid_coverage_by_stratum.csv,5756,0.005,below_50_MiB,eligible if scientifically appropriate
analysis_spatial_falsification_revised_dev/tables/revised_boundary_balance_summary.csv,5754,0.005,below_50_MiB,eligible if scientifically appropriate
analysis_fire_optimizer_refinement_dev/tables/fire_10km_optimizer_profile_contrasts.csv,5720,0.005,below_50_MiB,eligible if scientifically appropriate
docs/decisions/spatial_threshold_sensitivity_report.md,5661,0.005,below_50_MiB,eligible if scientifically appropriate
docs/validation/measurement_harmonization_validation.md,5575,0.005,below_50_MiB,eligible if scientifically appropriate
docs/provenance/disturbance_measurement_provenance_report.md,5564,0.005,below_50_MiB,eligible if scientifically appropriate
reports/methods_review_targeted_audits/clustering_no_accessibility_map.png,5441,0.005,below_50_MiB,eligible if scientifically appropriate
docs/decisions/fire_10km_optimizer_refinement_report.md,5275,0.005,below_50_MiB,eligible if scientifically appropriate
analysis_spatial_threshold_sensitivity_dev/tables/tau025_cell_value_discrepancies_summary.csv,5109,0.005,below_50_MiB,eligible if scientifically appropriate
reports/methods_review_final_audits/fire_monthly_jd_code_counts_completed.csv,4898,0.005,below_50_MiB,eligible if scientifically appropriate
docs/validation/governance_profile_model_stability_report.md,4715,0.004,below_50_MiB,eligible if scientifically appropriate
analysis_governance_profiles_robustness_dev/tables/sesu_specific_profile_contrasts.csv,4687,0.004,below_50_MiB,eligible if scientifically appropriate
analysis_governance_profiles_robustness_dev/logs/diagnose_deforestation_canonical_nlminb_default.txt,4578,0.004,below_50_MiB,eligible if scientifically appropriate
analysis_governance_profiles_robustness_dev/logs/diagnose_deforestation_canonical_nlminb_strict.txt,4578,0.004,below_50_MiB,eligible if scientifically appropriate
analysis_spatial_falsification_revised_dev/tables/actual_vs_all_outer_summary.csv,4427,0.004,below_50_MiB,eligible if scientifically appropriate
reports/methods_review_final_audits/final_methods_reporting_facts.csv,4373,0.004,below_50_MiB,eligible if scientifically appropriate
analysis_spatial_threshold_sensitivity_dev/tables/fire_pairwise_differences.csv,4274,0.004,below_50_MiB,eligible if scientifically appropriate
analysis_spatial_threshold_sensitivity_dev/tables/sparse_outcome_model_diagnostics.csv,4263,0.004,below_50_MiB,eligible if scientifically appropriate
outputs/publication/supplement/tables/Table_S10_weighted_and_unweighted_sparse_outcome_models.csv,4130,0.004,below_50_MiB,eligible if scientifically appropriate
config/analysis_config.R,4072,0.004,below_50_MiB,eligible if scientifically appropriate
docs/validation/governance_profile_phase2_validation.md,3899,0.004,below_50_MiB,eligible if scientifically appropriate
docs/validation/spatial_threshold_phase3_validation.md,3644,0.003,below_50_MiB,eligible if scientifically appropriate
reports/methods_review_targeted_audits/sesu2_event_support.csv,3588,0.003,below_50_MiB,eligible if scientifically appropriate
analysis_governance_profiles_robustness_dev/tables/two_stage_pairwise_differences.csv,3446,0.003,below_50_MiB,eligible if scientifically appropriate
config/disturbance_threshold_manifest.csv,3413,0.003,below_50_MiB,eligible if scientifically appropriate
analysis_spatial_threshold_sensitivity_dev/tables/fire_profile_contrasts.csv,3377,0.003,below_50_MiB,eligible if scientifically appropriate
outputs/publication/figure_source_data/Figure_3_pairwise_differences.csv,3314,0.003,below_50_MiB,eligible if scientifically appropriate
docs/validation/fire_10km_optimizer_refinement_validation.md,3253,0.003,below_50_MiB,eligible if scientifically appropriate
outputs/publication/supplement/source_data/Table_S06A_annual_profile_assignments.csv,3220,0.003,below_50_MiB,eligible if scientifically appropriate
analysis_governance_profiles_robustness_dev/tables/profile_model_support_corrected.csv,3159,0.003,below_50_MiB,eligible if scientifically appropriate
outputs/publication/supplement/tables/Table_S01_landscape_comparison_covariates.csv,3080,0.003,below_50_MiB,eligible if scientifically appropriate
outputs/publication/figure_source_data/Figure_3_profile_contrasts.csv,3045,0.003,below_50_MiB,eligible if scientifically appropriate
analysis_governance_profiles_robustness_dev/tables/two_stage_profile_estimates.csv,2999,0.003,below_50_MiB,eligible if scientifically appropriate
analysis_spatial_falsification_revised_dev/tables/revised_boundary_registry.csv,2965,0.003,below_50_MiB,eligible if scientifically appropriate
analysis_governance_profiles_robustness_dev/logs/diagnose_fire_canonical_optim_bfgs.txt,2889,0.003,below_50_MiB,eligible if scientifically appropriate
reports/publication_outputs/publication_output_provenance.csv,2875,0.003,below_50_MiB,eligible if scientifically appropriate
analysis_spatial_falsification_revised_dev/tables/sparse_boundary_support.csv,2810,0.003,below_50_MiB,eligible if scientifically appropriate
analysis_spatial_falsification_revised_dev/tables/inner_check_pairwise_results.csv,2731,0.003,below_50_MiB,eligible if scientifically appropriate
reports/publication_outputs/publication_input_registry.csv,2652,0.003,below_50_MiB,eligible if scientifically appropriate
docs/decisions/old_placebo_deprecation_note.md,2584,0.002,below_50_MiB,eligible if scientifically appropriate
analysis_fire_optimizer_refinement_dev/tables/fire_10km_optimizer_retained_fits.csv,2536,0.002,below_50_MiB,eligible if scientifically appropriate
analysis_spatial_falsification_revised_dev/tables/inner_check_profile_results.csv,2474,0.002,below_50_MiB,eligible if scientifically appropriate
docs/decisions/spatial_boundary_falsification_design_revision.md,2423,0.002,below_50_MiB,eligible if scientifically appropriate
outputs/publication/supplement/tables/Table_S09_primary_pairwise_profile_differences.csv,2295,0.002,below_50_MiB,eligible if scientifically appropriate
reports/publication_outputs/main_figure_captions.md,2226,0.002,below_50_MiB,eligible if scientifically appropriate
docs/validation/spatial_boundary_falsification_revised_validation.md,2218,0.002,below_50_MiB,eligible if scientifically appropriate
outputs/publication/supplement/tables/Table_S17_measurement_and_validation_decisions.csv,2217,0.002,below_50_MiB,eligible if scientifically appropriate
analysis_spatial_falsification_revised_dev/tables/actual_vs_spaced_outer_pairwise_comparison.csv,2183,0.002,below_50_MiB,eligible if scientifically appropriate
outputs/publication/supplement/tables/Table_S18_reproducibility_environment_and_authoritative_inputs.csv,2163,0.002,below_50_MiB,eligible if scientifically appropriate
outputs/publication/supplement/tables/Table_S08_primary_profile_specific_contrasts.csv,2090,0.002,below_50_MiB,eligible if scientifically appropriate
analysis_spatial_falsification_revised_dev/tables/boundary_specificity_classification.csv,2021,0.002,below_50_MiB,eligible if scientifically appropriate
analysis_spatial_falsification_revised_dev/tables/actual_vs_spaced_outer_profile_comparison.csv,1949,0.002,below_50_MiB,eligible if scientifically appropriate
outputs/publication/main_tables/Table_2_primary_evidence.html,1890,0.002,below_50_MiB,eligible if scientifically appropriate
docs/methods/governance_profile_mapping.md,1883,0.002,below_50_MiB,eligible if scientifically appropriate
reports/methods_review_targeted_audits/sesu2_support_by_spatial_design.csv,1874,0.002,below_50_MiB,eligible if scientifically appropriate
analysis_fire_optimizer_refinement_dev/tables/baseline_10km_fit_diagnostics.csv,1835,0.002,below_50_MiB,eligible if scientifically appropriate
analysis_spatial_threshold_sensitivity_dev/tables/spatial_design_decision_matrix.csv,1804,0.002,below_50_MiB,eligible if scientifically appropriate
analysis_spatial_falsification_revised_dev/provenance/sessionInfo.txt,1789,0.002,below_50_MiB,eligible if scientifically appropriate
analysis_spatial_threshold_sensitivity_dev/provenance/sessionInfo.txt,1789,0.002,below_50_MiB,eligible if scientifically appropriate
reports/methods_review_final_audits/final_methods_audit_decision.md,1759,0.002,below_50_MiB,eligible if scientifically appropriate
outputs/publication/main_tables/Table_1_data_products.html,1500,0.001,below_50_MiB,eligible if scientifically appropriate
analysis_spatial_threshold_sensitivity_dev/tables/spatial_threshold_stability_summary.csv,1442,0.001,below_50_MiB,eligible if scientifically appropriate
analysis_governance_profiles_robustness_dev/tables/episode_influence_summary.csv,1404,0.001,below_50_MiB,eligible if scientifically appropriate
reports/publication_outputs/figure_layout_revision_v2.md,1402,0.001,below_50_MiB,eligible if scientifically appropriate
reports/publication/two_repository_preflight.md,1354,0.001,below_50_MiB,eligible if scientifically appropriate
analysis_fire_optimizer_refinement_dev/tables/baseline_10km_pairwise_differences.csv,1313,0.001,below_50_MiB,eligible if scientifically appropriate
outputs/publication/supplement/tables/Table_S14_fire_optimizer_diagnostics.csv,1279,0.001,below_50_MiB,eligible if scientifically appropriate
analysis_governance_profiles_robustness_dev/provenance/sessionInfo.txt,1265,0.001,below_50_MiB,eligible if scientifically appropriate
analysis_governance_profiles_robustness_dev/tables/optimizer_stability_summary.csv,1260,0.001,below_50_MiB,eligible if scientifically appropriate
analysis_governance_profiles_robustness_dev/tables/transition_sensitivity_scenarios.csv,1260,0.001,below_50_MiB,eligible if scientifically appropriate
analysis_fire_optimizer_refinement_dev/provenance/sessionInfo.txt,1245,0.001,below_50_MiB,eligible if scientifically appropriate
RUN_ANALYSIS.md,1228,0.001,below_50_MiB,eligible if scientifically appropriate
analysis_governance_profiles_robustness_dev/tables/bootstrap_profile_contrasts_finite.csv,1220,0.001,below_50_MiB,eligible if scientifically appropriate
analysis_governance_profiles_robustness_dev/logs/diagnose_fire_canonical_nlminb_default.txt,1217,0.001,below_50_MiB,eligible if scientifically appropriate
analysis_governance_profiles_robustness_dev/logs/diagnose_fire_canonical_nlminb_strict.txt,1217,0.001,below_50_MiB,eligible if scientifically appropriate
outputs/publication/main_tables/Table_2_primary_evidence.csv,1146,0.001,below_50_MiB,eligible if scientifically appropriate
outputs/publication/table_source_data/Table_2_primary_evidence_source.csv,1146,0.001,below_50_MiB,eligible if scientifically appropriate
outputs/publication/supplement/source_data/Figure_S1_source_data.csv,1145,0.001,below_50_MiB,eligible if scientifically appropriate
analysis_fire_optimizer_refinement_dev/tables/baseline_10km_profile_contrasts.csv,1093,0.001,below_50_MiB,eligible if scientifically appropriate
reports/supplement/sessionInfo.txt,1089,0.001,below_50_MiB,eligible if scientifically appropriate
reports/fire_missingness_resolution/fire_missingness_summary.csv,1081,0.001,below_50_MiB,eligible if scientifically appropriate
reports/fire_missingness_resolution/fire_missingness_final_decision.md,1026,0.001,below_50_MiB,eligible if scientifically appropriate
outputs/publication/supplement/README_supplementary_data.md,1017,0.001,below_50_MiB,eligible if scientifically appropriate
analysis_spatial_threshold_sensitivity_dev/tables/covariate_balance_summary.csv,1003,0.001,below_50_MiB,eligible if scientifically appropriate
analysis_governance_profiles_robustness_dev/tables/sesu_between_landscape_differences.csv,1001,0.001,below_50_MiB,eligible if scientifically appropriate
analysis_fire_optimizer_refinement_dev/tables/baseline_10km_reproduction_check.csv,1000,0.001,below_50_MiB,eligible if scientifically appropriate
reports/methods_review_final_audits/no_accessibility_cluster_support.csv,983,0.001,below_50_MiB,eligible if scientifically appropriate
outputs/publication/supplement/tables/Table_S13_landscape_transition_and_episode_diagnostics.csv,971,0.001,below_50_MiB,eligible if scientifically appropriate
reports/methods_review_final_audits/fire_observation_aware_pairwise_differences.csv,949,0.001,below_50_MiB,eligible if scientifically appropriate
reports/supplement/main_text_cross_reference_map.csv,946,0.001,below_50_MiB,eligible if scientifically appropriate
outputs/publication/supplement/tables/Table_S04_spatial_design_balance_and_event_support.csv,944,0.001,below_50_MiB,eligible if scientifically appropriate
analysis_governance_profiles_robustness_dev/tables/governance_transition_review_sheet.csv,939,0.001,below_50_MiB,eligible if scientifically appropriate
.gitignore,930,0.001,below_50_MiB,eligible if scientifically appropriate
analysis_governance_profiles_robustness_dev/tables/phase1_point_estimate_reproduction.csv,927,0.001,below_50_MiB,eligible if scientifically appropriate
analysis_governance_profiles_robustness_dev/tables/bootstrap_profile_contrasts_strict.csv,925,0.001,below_50_MiB,eligible if scientifically appropriate
scripts/lib/project_paths.R,871,0.001,below_50_MiB,eligible if scientifically appropriate
reports/methods_review_final_audits/fire_observation_aware_profile_contrasts.csv,865,0.001,below_50_MiB,eligible if scientifically appropriate
analysis_governance_profiles_robustness_dev/tables/profile_episode_support_corrected.csv,848,0.001,below_50_MiB,eligible if scientifically appropriate
analysis_governance_profiles_robustness_dev/tables/two_stage_model_diagnostics.csv,848,0.001,below_50_MiB,eligible if scientifically appropriate
reports/methods_review_final_audits/no_accessibility_clustering_audit.md,843,0.001,below_50_MiB,eligible if scientifically appropriate
docs/decisions/authoritative_analysis_specification.md,810,0.001,below_50_MiB,eligible if scientifically appropriate
reports/supplement/table_s5_fire_reconciliation.md,794,0.001,below_50_MiB,eligible if scientifically appropriate
reports/publication_outputs/publication_output_validation.md,777,0.001,below_50_MiB,eligible if scientifically appropriate
reports/repository/reconciliation_plan.md,748,0.001,below_50_MiB,eligible if scientifically appropriate
reports/fire_missingness_resolution/fire_missingness_final_decision.csv,746,0.001,below_50_MiB,eligible if scientifically appropriate
outputs/publication/figure_source_data/Figure_1_layer_registry.csv,708,0.001,below_50_MiB,eligible if scientifically appropriate
reports/fire_missingness_resolution/fire_missingness_by_stratum.csv,701,0.001,below_50_MiB,eligible if scientifically appropriate
tests/reference/frozen_result_checks.csv,678,0.001,below_50_MiB,eligible if scientifically appropriate
outputs/publication/main_tables/Table_1_data_products.csv,667,0.001,below_50_MiB,eligible if scientifically appropriate
outputs/publication/table_source_data/Table_1_data_products_source.csv,667,0.001,below_50_MiB,eligible if scientifically appropriate
reports/methods_review_final_audits/no_accessibility_selected_k_comparison.csv,656,0.001,below_50_MiB,eligible if scientifically appropriate
analysis_governance_profiles_robustness_dev/tables/governance_transitions.csv,655,0.001,below_50_MiB,eligible if scientifically appropriate
reports/methods_review_targeted_audits/methods_review_targeted_audit_decision.md,652,0.001,below_50_MiB,eligible if scientifically appropriate
reports/methods_review_final_audits/no_accessibility_k3_comparison.csv,648,0.001,below_50_MiB,eligible if scientifically appropriate
outputs/publication/supplement/tables/Table_S05_landscape_group_and_side_support.csv,636,0.001,below_50_MiB,eligible if scientifically appropriate
reports/methods_review_final_audits/fire_authoritative_vs_observation_aware_strata.csv,600,0.001,below_50_MiB,eligible if scientifically appropriate
reports/methods_review_targeted_audits/clustering_reproduction_validation.md,594,0.001,below_50_MiB,eligible if scientifically appropriate
reports/publication_outputs/event_total_validation.csv,574,0.001,below_50_MiB,eligible if scientifically appropriate
README.md,570,0.001,below_50_MiB,eligible if scientifically appropriate
outputs/publication/supplement/tables/Table_S02_clustering_solution_selection.csv,566,0.001,below_50_MiB,eligible if scientifically appropriate
reports/methods_review_final_audits/fire_observation_aware_fit_diagnostics.csv,540,0.001,below_50_MiB,eligible if scientifically appropriate
analysis_governance_profiles_robustness_dev/logs/diagnose_deforestation_canonical_optim_bfgs.txt,538,0.001,below_50_MiB,eligible if scientifically appropriate
reports/methods_review_final_audits/fire_valid_coverage_500m.csv,520,0.000,below_50_MiB,eligible if scientifically appropriate
docs/decisions/stopped_pseudoboundary_screen.md,501,0.000,below_50_MiB,eligible if scientifically appropriate
reports/methods_review_targeted_audits/clustering_reproduction_summary.csv,499,0.000,below_50_MiB,eligible if scientifically appropriate
reports/publication_outputs/main_table_captions.md,494,0.000,below_50_MiB,eligible if scientifically appropriate
reports/methods_review_targeted_audits/fire_valid_observation_audit.md,489,0.000,below_50_MiB,eligible if scientifically appropriate
renv/settings.json,487,0.000,below_50_MiB,eligible if scientifically appropriate
reports/methods_review_final_audits/fire_observation_aware_audit.md,486,0.000,below_50_MiB,eligible if scientifically appropriate
outputs/publication/supplement/tables/Table_S03_clustering_stability_and_accessibility_sensitivity.csv,478,0.000,below_50_MiB,eligible if scientifically appropriate
SANITIZATION.md,471,0.000,below_50_MiB,eligible if scientifically appropriate
docs/validation/code_path_refactor_validation.md,467,0.000,below_50_MiB,eligible if scientifically appropriate
reports/methods_review_final_audits/fire_observation_aware_geometry_validation.csv,459,0.000,below_50_MiB,eligible if scientifically appropriate
reports/methods_review_final_audits/fire_observation_aware_aggregation_diagnostics.csv,447,0.000,below_50_MiB,eligible if scientifically appropriate
analysis_governance_profiles_robustness_dev/provenance/input_provenance.csv,440,0.000,below_50_MiB,eligible if scientifically appropriate
docs/validation/candidate_result_reproduction.md,434,0.000,below_50_MiB,eligible if scientifically appropriate
docs/validation/code_refactor_equivalence.md,422,0.000,below_50_MiB,eligible if scientifically appropriate
reports/methods_review_final_audits/final_methods_audit_issue_classification.csv,406,0.000,below_50_MiB,eligible if scientifically appropriate
.gitattributes,405,0.000,below_50_MiB,eligible if scientifically appropriate
reports/methods_review_targeted_audits/clustering_no_accessibility_comparison.csv,405,0.000,below_50_MiB,eligible if scientifically appropriate
reports/methods_review_final_audits/fire_observation_aware_model_comparison.md,402,0.000,below_50_MiB,eligible if scientifically appropriate
reports/methods_review_final_audits/clustering_near_reproduction_acceptance.md,396,0.000,below_50_MiB,eligible if scientifically appropriate
reports/supplement/supplement_validation.md,385,0.000,below_50_MiB,eligible if scientifically appropriate
reports/methods_review_targeted_audits/sesu2_support_audit.md,383,0.000,below_50_MiB,eligible if scientifically appropriate
reports/methods_review_targeted_audits/clustering_no_accessibility_audit.md,380,0.000,below_50_MiB,eligible if scientifically appropriate
docs/validation/git_initialization_readiness.md,366,0.000,below_50_MiB,eligible if scientifically appropriate
reports/fire_missingness_resolution/authoritative_fire_reproduction.md,364,0.000,below_50_MiB,eligible if scientifically appropriate
reports/methods_review_targeted_audits/fire_authoritative_vs_observation_aware.csv,349,0.000,below_50_MiB,eligible if scientifically appropriate
config/paths.example.R,345,0.000,below_50_MiB,eligible if scientifically appropriate
docs/validation/downstream_execution_validation.md,342,0.000,below_50_MiB,eligible if scientifically appropriate
reports/methods_review_final_audits/no_accessibility_seed_stability.csv,334,0.000,below_50_MiB,eligible if scientifically appropriate
reports/fire_missingness_resolution/fire_missingness_optimizer_diagnostics.csv,329,0.000,below_50_MiB,eligible if scientifically appropriate
reports/methods_review_final_audits/fire_authoritative_vs_observation_aware_summary.csv,320,0.000,below_50_MiB,eligible if scientifically appropriate
reports/methods_review_final_audits/no_accessibility_silhouette_profile.csv,319,0.000,below_50_MiB,eligible if scientifically appropriate
reports/methods_review_targeted_audits/clustering_silhouette_profile_full.csv,318,0.000,below_50_MiB,eligible if scientifically appropriate
reports/methods_review_targeted_audits/sesu2_profile_availability.csv,318,0.000,below_50_MiB,eligible if scientifically appropriate
reports/supplement/supplement_generation_log.md,314,0.000,below_50_MiB,eligible if scientifically appropriate
docs/validation/frozen_result_reproduction.md,307,0.000,below_50_MiB,eligible if scientifically appropriate
analysis_spatial_falsification_revised_dev/tables/actual_boundary_reproduction_check.csv,304,0.000,below_50_MiB,eligible if scientifically appropriate
reports/methods_review_targeted_audits/fire_observation_aware_fit_diagnostics.csv,303,0.000,below_50_MiB,eligible if scientifically appropriate
docs/validation/sanitization_validation.md,302,0.000,below_50_MiB,eligible if scientifically appropriate
reports/fire_missingness_resolution/fire_authoritative_missingness_comparison.csv,299,0.000,below_50_MiB,eligible if scientifically appropriate
reports/fire_missingness_resolution/fire_missingness_model_comparison.md,290,0.000,below_50_MiB,eligible if scientifically appropriate
data/governance_profiles/README.md,270,0.000,below_50_MiB,eligible if scientifically appropriate
reports/fire_missingness_resolution/authoritative_fire_reproduction.csv,258,0.000,below_50_MiB,eligible if scientifically appropriate
reports/fire_missingness_resolution/fire_native_state_counts.csv,253,0.000,below_50_MiB,eligible if scientifically appropriate
data/governance_profiles/upemba_sesu_year_profiles.csv,252,0.000,below_50_MiB,eligible if scientifically appropriate
data/upemba_sesu_year_regimes.csv,252,0.000,below_50_MiB,eligible if scientifically appropriate
reports/methods_review_targeted_audits/clustering_despeckling_summary.csv,249,0.000,below_50_MiB,eligible if scientifically appropriate
reports/methods_review_targeted_audits/fire_valid_coverage_500m.csv,238,0.000,below_50_MiB,eligible if scientifically appropriate
docs/validation/execution_privacy_validation.md,229,0.000,below_50_MiB,eligible if scientifically appropriate
data/README.md,220,0.000,below_50_MiB,eligible if scientifically appropriate
analysis_governance_profiles_robustness_dev/tables/bootstrap_failure_reasons.csv,208,0.000,below_50_MiB,eligible if scientifically appropriate
outputs/publication/supplement/tables/Table_S07_profile_and_episode_support.csv,206,0.000,below_50_MiB,eligible if scientifically appropriate
reports/methods_review_targeted_audits/fire_observation_aware_pairwise_differences.csv,176,0.000,below_50_MiB,eligible if scientifically appropriate
reports/methods_review_targeted_audits/fire_observation_aware_profile_contrasts.csv,176,0.000,below_50_MiB,eligible if scientifically appropriate
reports/methods_review_final_audits/fire_authoritative_vs_observation_aware_cells.csv,171,0.000,below_50_MiB,eligible if scientifically appropriate
reports/fire_missingness_resolution/fire_missingness_bounds_validation.csv,164,0.000,below_50_MiB,eligible if scientifically appropriate
docs/provenance/software_environment.md,155,0.000,below_50_MiB,eligible if scientifically appropriate
reports/methods_review_targeted_audits/clustering_seed_stability.csv,144,0.000,below_50_MiB,eligible if scientifically appropriate
outputs/README.md,143,0.000,below_50_MiB,eligible if scientifically appropriate
tests/README.md,121,0.000,below_50_MiB,eligible if scientifically appropriate
reports/fire_missingness_resolution/fire_native_state_inconsistencies.csv,105,0.000,below_50_MiB,eligible if scientifically appropriate
reports/methods_review_targeted_audits/clustering_area_after_cleaning.csv,97,0.000,below_50_MiB,eligible if scientifically appropriate
reports/methods_review_targeted_audits/clustering_area_before_cleaning.csv,88,0.000,below_50_MiB,eligible if scientifically appropriate
reports/methods_review_targeted_audits/fire_authoritative_vs_observation_aware_by_stratum.csv,76,0.000,below_50_MiB,eligible if scientifically appropriate
renv/.gitignore,63,0.000,below_50_MiB,eligible if scientifically appropriate
reports/methods_review_targeted_audits/clustering_no_accessibility_silhouette.csv,31,0.000,below_50_MiB,eligible if scientifically appropriate
.Rprofile,27,0.000,below_50_MiB,eligible if scientifically appropriate
.here,0,0.000,below_50_MiB,eligible if scientifically appropriate
