Outcome,Profile,Valid scenarios,Reference estimate,Minimum,Maximum,Sign retained
Agricultural expansion,Fragmented control,38,0.50123627669277,-0.0927003302797806,0.587906047861677,No
Agricultural expansion,Militia-centred control,38,0.121886108403553,-0.515635641304756,0.353183059874765,No
Agricultural expansion,Park-centred control,38,-0.521259435317188,-16.2754905875838,-0.413845538944505,Yes
Fire,Fragmented control,38,-0.0313746932894314,0.104061398591442,0.341067627848715,No
Fire,Militia-centred control,38,-0.167613478684898,-0.0386335511946995,0.196260477897935,No
Fire,Park-centred control,38,-0.216156094535368,-0.0958630009348002,0.347743349175818,No
Tree-cover loss,Fragmented control,38,-0.742989646378223,-1.45640747888402,-0.774579691463316,Yes
Tree-cover loss,Militia-centred control,38,-1.77110834177277,-2.47374687775203,-1.05314432047023,Yes
Tree-cover loss,Park-centred control,38,-2.590601861582,-4.50034497625592,-2.54481505864252,Yes
