outcome,governance_profile,threshold_tag,spatial_design,estimate,lower_95_ci,upper_95_ci,method,reference_estimate,absolute_deviation_from_reference,ci_crosses_zero,Outcome,Profile,Domain,Threshold,Scenario,Estimand type,Profile or comparison,primary_row,fit_display
agriculture,Militia-centred control,tau010,all_cells,-0.685648128082202,-1.22153933492564,-0.149756921238764,sparse_two_stage_weighted,0.163892757837478,0.84954088591968,FALSE,Agricultural expansion,Militia-centred control,All cells,10%,10% All cells,Profile contrast,Militia-centred control,FALSE,accepted or diagnostic fit
agriculture,Militia-centred control,tau010,buffer_05km,0.237349470719888,-0.0647567167803509,0.539455658220128,sparse_two_stage_weighted,0.163892757837478,0.0734567128824101,TRUE,Agricultural expansion,Militia-centred control,5 km,10%,10% 5 km,Profile contrast,Militia-centred control,FALSE,accepted or diagnostic fit
agriculture,Militia-centred control,tau010,buffer_10km,-0.318243792657785,-0.59527839573431,-0.0412091895812605,sparse_two_stage_weighted,0.163892757837478,0.482136550495264,FALSE,Agricultural expansion,Militia-centred control,10 km,10%,10% 10 km,Profile contrast,Militia-centred control,FALSE,accepted or diagnostic fit
agriculture,Militia-centred control,tau010,buffer_20km,-0.562052782166938,-0.959772845326884,-0.164332719006993,sparse_two_stage_weighted,0.163892757837478,0.725945540004416,FALSE,Agricultural expansion,Militia-centred control,20 km,10%,10% 20 km,Profile contrast,Militia-centred control,FALSE,accepted or diagnostic fit
agriculture,Militia-centred control,tau025,all_cells,0.163892757837478,-0.139847364071747,0.467632879746703,sparse_two_stage_weighted,0.163892757837478,0,TRUE,Agricultural expansion,Militia-centred control,All cells,25%,25% All cells,Profile contrast,Militia-centred control,FALSE,accepted or diagnostic fit
agriculture,Militia-centred control,tau025,buffer_05km,0.448932268607617,0.0843480035007602,0.813516533714473,sparse_two_stage_weighted,0.163892757837478,0.285039510770139,FALSE,Agricultural expansion,Militia-centred control,5 km,25%,25% 5 km,Profile contrast,Militia-centred control,FALSE,accepted or diagnostic fit
agriculture,Militia-centred control,tau025,buffer_10km,0.221756230967078,-0.048299693024539,0.491812154958695,sparse_two_stage_weighted,0.163892757837478,0.0578634731295998,TRUE,Agricultural expansion,Militia-centred control,10 km,25%,25% 10 km,Profile contrast,Militia-centred control,TRUE,accepted or diagnostic fit
agriculture,Militia-centred control,tau025,buffer_20km,0.201193451065005,-0.0883021205418738,0.490689022671884,sparse_two_stage_weighted,0.163892757837478,0.0373006932275269,TRUE,Agricultural expansion,Militia-centred control,20 km,25%,25% 20 km,Profile contrast,Militia-centred control,FALSE,accepted or diagnostic fit
agriculture,Militia-centred control,tau050,all_cells,0.456065730465682,0.0986945146390154,0.813436946292349,sparse_two_stage_weighted,0.163892757837478,0.292172972628204,FALSE,Agricultural expansion,Militia-centred control,All cells,50%,50% All cells,Profile contrast,Militia-centred control,FALSE,accepted or diagnostic fit
agriculture,Militia-centred control,tau050,buffer_05km,0.0736077153568482,-0.458742720958702,0.605958151672398,sparse_two_stage_weighted,0.163892757837478,0.09028504248063,TRUE,Agricultural expansion,Militia-centred control,5 km,50%,50% 5 km,Profile contrast,Militia-centred control,FALSE,accepted or diagnostic fit
agriculture,Militia-centred control,tau050,buffer_10km,0.117149976429353,-0.191810043767659,0.426109996626365,sparse_two_stage_weighted,0.163892757837478,0.0467427814081254,TRUE,Agricultural expansion,Militia-centred control,10 km,50%,50% 10 km,Profile contrast,Militia-centred control,FALSE,accepted or diagnostic fit
agriculture,Militia-centred control,tau050,buffer_20km,0.271320948344463,-0.0495177216441434,0.59215961833307,sparse_two_stage_weighted,0.163892757837478,0.107428190506985,TRUE,Agricultural expansion,Militia-centred control,20 km,50%,50% 20 km,Profile contrast,Militia-centred control,FALSE,accepted or diagnostic fit
agriculture,Fragmented control,tau010,all_cells,-0.0800172609354394,-0.761872089464219,0.60183756759334,sparse_two_stage_weighted,0.562739843664829,0.642757104600269,TRUE,Agricultural expansion,Fragmented control,All cells,10%,10% All cells,Profile contrast,Fragmented control,FALSE,accepted or diagnostic fit
agriculture,Fragmented control,tau010,buffer_05km,0.47372048932521,0.0548083282051911,0.892632650445229,sparse_two_stage_weighted,0.562739843664829,0.0890193543396191,FALSE,Agricultural expansion,Fragmented control,5 km,10%,10% 5 km,Profile contrast,Fragmented control,FALSE,accepted or diagnostic fit
agriculture,Fragmented control,tau010,buffer_10km,0.112932772855509,-0.335711989796915,0.561577535507934,sparse_two_stage_weighted,0.562739843664829,0.44980707080932,TRUE,Agricultural expansion,Fragmented control,10 km,10%,10% 10 km,Profile contrast,Fragmented control,FALSE,accepted or diagnostic fit
agriculture,Fragmented control,tau010,buffer_20km,-0.190589196483538,-0.721702054689474,0.340523661722397,sparse_two_stage_weighted,0.562739843664829,0.753329040148368,TRUE,Agricultural expansion,Fragmented control,20 km,10%,10% 20 km,Profile contrast,Fragmented control,FALSE,accepted or diagnostic fit
agriculture,Fragmented control,tau025,all_cells,0.562739843664829,0.0688029298220318,1.05667675750763,sparse_two_stage_weighted,0.562739843664829,0,FALSE,Agricultural expansion,Fragmented control,All cells,25%,25% All cells,Profile contrast,Fragmented control,FALSE,accepted or diagnostic fit
agriculture,Fragmented control,tau025,buffer_05km,0.316465009565712,-0.11932622343449,0.752256242565914,sparse_two_stage_weighted,0.562739843664829,0.246274834099118,TRUE,Agricultural expansion,Fragmented control,5 km,25%,25% 5 km,Profile contrast,Fragmented control,FALSE,accepted or diagnostic fit
agriculture,Fragmented control,tau025,buffer_10km,0.286485847450869,-0.16429994564532,0.737271640547059,sparse_two_stage_weighted,0.562739843664829,0.27625399621396,TRUE,Agricultural expansion,Fragmented control,10 km,25%,25% 10 km,Profile contrast,Fragmented control,TRUE,accepted or diagnostic fit
agriculture,Fragmented control,tau025,buffer_20km,0.225220552709169,-0.222566315577282,0.673007420995621,sparse_two_stage_weighted,0.562739843664829,0.33751929095566,TRUE,Agricultural expansion,Fragmented control,20 km,25%,25% 20 km,Profile contrast,Fragmented control,FALSE,accepted or diagnostic fit
agriculture,Fragmented control,tau050,all_cells,0.49918028521904,0.128818684358082,0.869541886079997,sparse_two_stage_weighted,0.562739843664829,0.0635595584457895,FALSE,Agricultural expansion,Fragmented control,All cells,50%,50% All cells,Profile contrast,Fragmented control,FALSE,accepted or diagnostic fit
agriculture,Fragmented control,tau050,buffer_05km,-0.301591571891277,-0.739066325604223,0.135883181821669,sparse_two_stage_weighted,0.562739843664829,0.864331415556107,TRUE,Agricultural expansion,Fragmented control,5 km,50%,50% 5 km,Profile contrast,Fragmented control,FALSE,accepted or diagnostic fit
agriculture,Fragmented control,tau050,buffer_10km,-0.213604557093766,-0.524510985532519,0.0973018713449862,sparse_two_stage_weighted,0.562739843664829,0.776344400758595,TRUE,Agricultural expansion,Fragmented control,10 km,50%,50% 10 km,Profile contrast,Fragmented control,FALSE,accepted or diagnostic fit
agriculture,Fragmented control,tau050,buffer_20km,-0.0954023727996832,-0.400571699894019,0.209766954294653,sparse_two_stage_weighted,0.562739843664829,0.658142216464512,TRUE,Agricultural expansion,Fragmented control,20 km,50%,50% 20 km,Profile contrast,Fragmented control,FALSE,accepted or diagnostic fit
agriculture,Park-centred control,tau010,all_cells,-1.84279045176897,-2.11985675413793,-1.56572414940002,sparse_two_stage_weighted,-0.573161177144788,1.26962927462419,FALSE,Agricultural expansion,Park-centred control,All cells,10%,10% All cells,Profile contrast,Park-centred control,FALSE,accepted or diagnostic fit
agriculture,Park-centred control,tau010,buffer_05km,-0.630050848426914,-0.822022590884682,-0.438079105969147,sparse_two_stage_weighted,-0.573161177144788,0.0568896712821269,FALSE,Agricultural expansion,Park-centred control,5 km,10%,10% 5 km,Profile contrast,Park-centred control,FALSE,accepted or diagnostic fit
agriculture,Park-centred control,tau010,buffer_10km,-1.12463716205984,-1.32132338297537,-0.927950941144297,sparse_two_stage_weighted,-0.573161177144788,0.551475984915048,FALSE,Agricultural expansion,Park-centred control,10 km,10%,10% 10 km,Profile contrast,Park-centred control,FALSE,accepted or diagnostic fit
agriculture,Park-centred control,tau010,buffer_20km,-1.56028440881219,-1.83938584783665,-1.28118296978773,sparse_two_stage_weighted,-0.573161177144788,0.987123231667405,FALSE,Agricultural expansion,Park-centred control,20 km,10%,10% 20 km,Profile contrast,Park-centred control,FALSE,accepted or diagnostic fit
agriculture,Park-centred control,tau025,all_cells,-0.573161177144788,-0.89042499355172,-0.255897360737855,sparse_two_stage_weighted,-0.573161177144788,0,FALSE,Agricultural expansion,Park-centred control,All cells,25%,25% All cells,Profile contrast,Park-centred control,FALSE,accepted or diagnostic fit
agriculture,Park-centred control,tau025,buffer_05km,-0.128234216763598,-0.445241483282673,0.188773049755477,sparse_two_stage_weighted,-0.573161177144788,0.44492696038119,TRUE,Agricultural expansion,Park-centred control,5 km,25%,25% 5 km,Profile contrast,Park-centred control,FALSE,accepted or diagnostic fit
agriculture,Park-centred control,tau025,buffer_10km,-0.346961114977916,-0.656863988866315,-0.0370582410895171,sparse_two_stage_weighted,-0.573161177144788,0.226200062166872,FALSE,Agricultural expansion,Park-centred control,10 km,25%,25% 10 km,Profile contrast,Park-centred control,TRUE,accepted or diagnostic fit
agriculture,Park-centred control,tau025,buffer_20km,-0.529291276377136,-0.874277324891246,-0.184305227863025,sparse_two_stage_weighted,-0.573161177144788,0.0438699007676521,FALSE,Agricultural expansion,Park-centred control,20 km,25%,25% 20 km,Profile contrast,Park-centred control,FALSE,accepted or diagnostic fit
agriculture,Park-centred control,tau050,all_cells,0.143560440044925,-0.302877342496662,0.589998222586511,sparse_two_stage_weighted,-0.573161177144788,0.716721617189712,TRUE,Agricultural expansion,Park-centred control,All cells,50%,50% All cells,Profile contrast,Park-centred control,FALSE,accepted or diagnostic fit
agriculture,Park-centred control,tau050,buffer_05km,0.653127379018865,0.202006206813338,1.10424855122439,sparse_two_stage_weighted,-0.573161177144788,1.22628855616365,FALSE,Agricultural expansion,Park-centred control,5 km,50%,50% 5 km,Profile contrast,Park-centred control,FALSE,accepted or diagnostic fit
agriculture,Park-centred control,tau050,buffer_10km,0.181109355312305,-0.19360790327354,0.55582661389815,sparse_two_stage_weighted,-0.573161177144788,0.754270532457093,TRUE,Agricultural expansion,Park-centred control,10 km,50%,50% 10 km,Profile contrast,Park-centred control,FALSE,accepted or diagnostic fit
agriculture,Park-centred control,tau050,buffer_20km,0.208732737926087,-0.174722248479844,0.592187724332018,sparse_two_stage_weighted,-0.573161177144788,0.781893915070874,TRUE,Agricultural expansion,Park-centred control,20 km,50%,50% 20 km,Profile contrast,Park-centred control,FALSE,accepted or diagnostic fit
fire,Militia-centred control,tau010,all_cells,0.0463889645791972,-0.0582053137640019,0.150983242922396,fire_beta_binomial,0.0548156654010484,0.00842670082185123,TRUE,Fire,Militia-centred control,All cells,10%,10% All cells,Profile contrast,Militia-centred control,FALSE,accepted or diagnostic fit
fire,Militia-centred control,tau010,buffer_05km,0.0140374763926274,,,fire_beta_binomial,0.0548156654010484,0.0407781890084211,,Fire,Militia-centred control,5 km,10%,10% 5 km,Profile contrast,Militia-centred control,FALSE,accepted or diagnostic fit
fire,Militia-centred control,tau010,buffer_10km,-0.0108922905953573,,,fire_beta_binomial,0.0548156654010484,0.0657079559964057,,Fire,Militia-centred control,10 km,10%,10% 10 km,Profile contrast,Militia-centred control,FALSE,accepted or diagnostic fit
fire,Militia-centred control,tau010,buffer_20km,0.0133165484827067,,,fire_beta_binomial,0.0548156654010484,0.0414991169183417,,Fire,Militia-centred control,20 km,10%,10% 20 km,Profile contrast,Militia-centred control,FALSE,accepted or diagnostic fit
fire,Militia-centred control,tau025,all_cells,0.0548156654010484,-0.0595593242519776,0.169190655054074,fire_beta_binomial,0.0548156654010484,0,TRUE,Fire,Militia-centred control,All cells,25%,25% All cells,Profile contrast,Militia-centred control,FALSE,accepted or diagnostic fit
fire,Militia-centred control,tau025,buffer_05km,0.0216974358918258,,,fire_beta_binomial,0.0548156654010484,0.0331182295092226,,Fire,Militia-centred control,5 km,25%,25% 5 km,Profile contrast,Militia-centred control,FALSE,accepted or diagnostic fit
fire,Militia-centred control,tau025,buffer_10km,0.0107091233715076,-0.0539890185970177,0.0754072653400329,fire_beta_binomial,0.0548156654010484,0.0441143700165104,TRUE,Fire,Militia-centred control,10 km,25%,25% 10 km,Profile contrast,Militia-centred control,TRUE,accepted or diagnostic fit
fire,Militia-centred control,tau025,buffer_20km,0.0316884680448249,,,fire_beta_binomial,0.0548156654010484,0.0231271973562235,,Fire,Militia-centred control,20 km,25%,25% 20 km,Profile contrast,Militia-centred control,FALSE,accepted or diagnostic fit
fire,Militia-centred control,tau050,all_cells,0.057751904071659,,,fire_beta_binomial,0.0548156654010484,0.00293623867061055,,Fire,Militia-centred control,All cells,50%,50% All cells,Profile contrast,Militia-centred control,FALSE,non-strict fire fit
fire,Militia-centred control,tau050,buffer_05km,0.0195129213337791,,,fire_beta_binomial,0.0548156654010484,0.0353027440672694,,Fire,Militia-centred control,5 km,50%,50% 5 km,Profile contrast,Militia-centred control,FALSE,non-strict fire fit
fire,Militia-centred control,tau050,buffer_10km,0.0199554761068823,,,fire_beta_binomial,0.0548156654010484,0.0348601892941661,,Fire,Militia-centred control,10 km,50%,50% 10 km,Profile contrast,Militia-centred control,FALSE,non-strict fire fit
fire,Militia-centred control,tau050,buffer_20km,0.0475875017650301,,,fire_beta_binomial,0.0548156654010484,0.0072281636360183,,Fire,Militia-centred control,20 km,50%,50% 20 km,Profile contrast,Militia-centred control,FALSE,non-strict fire fit
fire,Fragmented control,tau010,all_cells,0.201149262437525,0.107456854378909,0.294841670496142,fire_beta_binomial,0.192983453949622,0.00816580848790319,FALSE,Fire,Fragmented control,All cells,10%,10% All cells,Profile contrast,Fragmented control,FALSE,accepted or diagnostic fit
fire,Fragmented control,tau010,buffer_05km,0.0860206433979898,,,fire_beta_binomial,0.192983453949622,0.106962810551632,,Fire,Fragmented control,5 km,10%,10% 5 km,Profile contrast,Fragmented control,FALSE,accepted or diagnostic fit
fire,Fragmented control,tau010,buffer_10km,0.155681920833334,,,fire_beta_binomial,0.192983453949622,0.0373015331162886,,Fire,Fragmented control,10 km,10%,10% 10 km,Profile contrast,Fragmented control,FALSE,accepted or diagnostic fit
fire,Fragmented control,tau010,buffer_20km,0.190407125425269,,,fire_beta_binomial,0.192983453949622,0.00257632852435361,,Fire,Fragmented control,20 km,10%,10% 20 km,Profile contrast,Fragmented control,FALSE,accepted or diagnostic fit
fire,Fragmented control,tau025,all_cells,0.192983453949622,0.0899105339577348,0.296056373941509,fire_beta_binomial,0.192983453949622,0,FALSE,Fire,Fragmented control,All cells,25%,25% All cells,Profile contrast,Fragmented control,FALSE,accepted or diagnostic fit
fire,Fragmented control,tau025,buffer_05km,0.0918668703928283,,,fire_beta_binomial,0.192983453949622,0.101116583556794,,Fire,Fragmented control,5 km,25%,25% 5 km,Profile contrast,Fragmented control,FALSE,accepted or diagnostic fit
fire,Fragmented control,tau025,buffer_10km,0.170288429758373,0.111989185194311,0.228587674322435,fire_beta_binomial,0.192983453949622,0.0226987202027782,FALSE,Fire,Fragmented control,10 km,25%,25% 10 km,Profile contrast,Fragmented control,TRUE,accepted or diagnostic fit
fire,Fragmented control,tau025,buffer_20km,0.193955801128808,,,fire_beta_binomial,0.192983453949622,0.000972347179185734,,Fire,Fragmented control,20 km,25%,25% 20 km,Profile contrast,Fragmented control,FALSE,accepted or diagnostic fit
fire,Fragmented control,tau050,all_cells,0.187245502055307,,,fire_beta_binomial,0.192983453949622,0.00573795189431472,,Fire,Fragmented control,All cells,50%,50% All cells,Profile contrast,Fragmented control,FALSE,non-strict fire fit
fire,Fragmented control,tau050,buffer_05km,0.089934715748369,,,fire_beta_binomial,0.192983453949622,0.103048738201253,,Fire,Fragmented control,5 km,50%,50% 5 km,Profile contrast,Fragmented control,FALSE,non-strict fire fit
fire,Fragmented control,tau050,buffer_10km,0.179420846133153,,,fire_beta_binomial,0.192983453949622,0.0135626078164695,,Fire,Fragmented control,10 km,50%,50% 10 km,Profile contrast,Fragmented control,FALSE,non-strict fire fit
fire,Fragmented control,tau050,buffer_20km,0.204066752640794,,,fire_beta_binomial,0.192983453949622,0.0110832986911718,,Fire,Fragmented control,20 km,50%,50% 20 km,Profile contrast,Fragmented control,FALSE,non-strict fire fit
fire,Park-centred control,tau010,all_cells,0.0935734937030281,-0.00234207006731683,0.189489057473373,fire_beta_binomial,0.118601107601585,0.0250276138985565,TRUE,Fire,Park-centred control,All cells,10%,10% All cells,Profile contrast,Park-centred control,FALSE,accepted or diagnostic fit
fire,Park-centred control,tau010,buffer_05km,-0.00110001121291069,,,fire_beta_binomial,0.118601107601585,0.119701118814495,,Fire,Park-centred control,5 km,10%,10% 5 km,Profile contrast,Park-centred control,FALSE,accepted or diagnostic fit
fire,Park-centred control,tau010,buffer_10km,0.0431466017176489,,,fire_beta_binomial,0.118601107601585,0.0754545058839357,,Fire,Park-centred control,10 km,10%,10% 10 km,Profile contrast,Park-centred control,FALSE,accepted or diagnostic fit
fire,Park-centred control,tau010,buffer_20km,0.103187992030275,,,fire_beta_binomial,0.118601107601585,0.0154131155713099,,Fire,Park-centred control,20 km,10%,10% 20 km,Profile contrast,Park-centred control,FALSE,accepted or diagnostic fit
fire,Park-centred control,tau025,all_cells,0.118601107601585,0.0131637707257074,0.224038444477462,fire_beta_binomial,0.118601107601585,0,FALSE,Fire,Park-centred control,All cells,25%,25% All cells,Profile contrast,Park-centred control,FALSE,accepted or diagnostic fit
fire,Park-centred control,tau025,buffer_05km,0.00729583031224175,,,fire_beta_binomial,0.118601107601585,0.111305277289343,,Fire,Park-centred control,5 km,25%,25% 5 km,Profile contrast,Park-centred control,FALSE,accepted or diagnostic fit
fire,Park-centred control,tau025,buffer_10km,0.0678282180423288,0.00794648332778246,0.127709952756875,fire_beta_binomial,0.118601107601585,0.0478782028941181,FALSE,Fire,Park-centred control,10 km,25%,25% 10 km,Profile contrast,Park-centred control,TRUE,accepted or diagnostic fit
fire,Park-centred control,tau025,buffer_20km,0.143636087207339,,,fire_beta_binomial,0.118601107601585,0.0250349796057545,,Fire,Park-centred control,20 km,25%,25% 20 km,Profile contrast,Park-centred control,FALSE,accepted or diagnostic fit
fire,Park-centred control,tau050,all_cells,0.133701832240373,,,fire_beta_binomial,0.118601107601585,0.0151007246387886,,Fire,Park-centred control,All cells,50%,50% All cells,Profile contrast,Park-centred control,FALSE,non-strict fire fit
fire,Park-centred control,tau050,buffer_05km,0.0129186899389982,,,fire_beta_binomial,0.118601107601585,0.105682417662586,,Fire,Park-centred control,5 km,50%,50% 5 km,Profile contrast,Park-centred control,FALSE,non-strict fire fit
fire,Park-centred control,tau050,buffer_10km,0.0885555419746091,,,fire_beta_binomial,0.118601107601585,0.0300455656269755,,Fire,Park-centred control,10 km,50%,50% 10 km,Profile contrast,Park-centred control,FALSE,non-strict fire fit
fire,Park-centred control,tau050,buffer_20km,0.171304820425151,,,fire_beta_binomial,0.118601107601585,0.0527037128235663,,Fire,Park-centred control,20 km,50%,50% 20 km,Profile contrast,Park-centred control,FALSE,non-strict fire fit
tree_cover_loss,Militia-centred control,tau010,all_cells,-1.94123178931075,-2.60043348023381,-1.28203009838768,sparse_two_stage_weighted,-1.78735867378529,0.153873115525453,FALSE,Tree-cover loss,Militia-centred control,All cells,10%,10% All cells,Profile contrast,Militia-centred control,FALSE,accepted or diagnostic fit
tree_cover_loss,Militia-centred control,tau010,buffer_05km,-0.464465485104345,-1.04727489700519,0.118343926796496,sparse_two_stage_weighted,-1.78735867378529,1.32289318868095,TRUE,Tree-cover loss,Militia-centred control,5 km,10%,10% 5 km,Profile contrast,Militia-centred control,FALSE,accepted or diagnostic fit
tree_cover_loss,Militia-centred control,tau010,buffer_10km,-1.16978085292463,-1.71368645867306,-0.625875247176199,sparse_two_stage_weighted,-1.78735867378529,0.617577820860666,FALSE,Tree-cover loss,Militia-centred control,10 km,10%,10% 10 km,Profile contrast,Militia-centred control,FALSE,accepted or diagnostic fit
tree_cover_loss,Militia-centred control,tau010,buffer_20km,-1.56452370098575,-2.09211402095056,-1.03693338102095,sparse_two_stage_weighted,-1.78735867378529,0.22283497279954,FALSE,Tree-cover loss,Militia-centred control,20 km,10%,10% 20 km,Profile contrast,Militia-centred control,FALSE,accepted or diagnostic fit
tree_cover_loss,Militia-centred control,tau025,all_cells,-1.78735867378529,-2.49646182629597,-1.07825552127462,sparse_two_stage_weighted,-1.78735867378529,0,FALSE,Tree-cover loss,Militia-centred control,All cells,25%,25% All cells,Profile contrast,Militia-centred control,FALSE,accepted or diagnostic fit
tree_cover_loss,Militia-centred control,tau025,buffer_05km,-0.381615789227368,-0.944970158934542,0.181738580479807,sparse_two_stage_weighted,-1.78735867378529,1.40574288455793,TRUE,Tree-cover loss,Militia-centred control,5 km,25%,25% 5 km,Profile contrast,Militia-centred control,FALSE,accepted or diagnostic fit
tree_cover_loss,Militia-centred control,tau025,buffer_10km,-0.897845233263081,-1.50861927253348,-0.287071193992687,sparse_two_stage_weighted,-1.78735867378529,0.889513440522211,FALSE,Tree-cover loss,Militia-centred control,10 km,25%,25% 10 km,Profile contrast,Militia-centred control,TRUE,accepted or diagnostic fit
tree_cover_loss,Militia-centred control,tau025,buffer_20km,-1.40017809124029,-2.10377001976524,-0.69658616271533,sparse_two_stage_weighted,-1.78735867378529,0.387180582545007,FALSE,Tree-cover loss,Militia-centred control,20 km,25%,25% 20 km,Profile contrast,Militia-centred control,FALSE,accepted or diagnostic fit
tree_cover_loss,Militia-centred control,tau050,all_cells,-0.859109249919172,-1.34387089089731,-0.374347608941034,sparse_two_stage_weighted,-1.78735867378529,0.92824942386612,FALSE,Tree-cover loss,Militia-centred control,All cells,50%,50% All cells,Profile contrast,Militia-centred control,FALSE,accepted or diagnostic fit
tree_cover_loss,Militia-centred control,tau050,buffer_05km,-0.272378268435588,-0.706892163607726,0.16213562673655,sparse_two_stage_weighted,-1.78735867378529,1.5149804053497,TRUE,Tree-cover loss,Militia-centred control,5 km,50%,50% 5 km,Profile contrast,Militia-centred control,FALSE,accepted or diagnostic fit
tree_cover_loss,Militia-centred control,tau050,buffer_10km,-0.334486397764769,-0.815934643901859,0.146961848372321,sparse_two_stage_weighted,-1.78735867378529,1.45287227602052,TRUE,Tree-cover loss,Militia-centred control,10 km,50%,50% 10 km,Profile contrast,Militia-centred control,FALSE,accepted or diagnostic fit
tree_cover_loss,Militia-centred control,tau050,buffer_20km,-0.723004323386336,-1.3023095067102,-0.143699140062473,sparse_two_stage_weighted,-1.78735867378529,1.06435435039896,FALSE,Tree-cover loss,Militia-centred control,20 km,50%,50% 20 km,Profile contrast,Militia-centred control,FALSE,accepted or diagnostic fit
tree_cover_loss,Fragmented control,tau010,all_cells,-1.35953924921818,-1.60870969808838,-1.11036880034797,sparse_two_stage_weighted,-1.1717332924866,0.187805956731578,FALSE,Tree-cover loss,Fragmented control,All cells,10%,10% All cells,Profile contrast,Fragmented control,FALSE,accepted or diagnostic fit
tree_cover_loss,Fragmented control,tau010,buffer_05km,-0.351910203111343,-0.769087034324224,0.0652666281015386,sparse_two_stage_weighted,-1.1717332924866,0.819823089375254,TRUE,Tree-cover loss,Fragmented control,5 km,10%,10% 5 km,Profile contrast,Fragmented control,FALSE,accepted or diagnostic fit
tree_cover_loss,Fragmented control,tau010,buffer_10km,-0.882619985667311,-1.20377774689139,-0.561462224443235,sparse_two_stage_weighted,-1.1717332924866,0.289113306819286,FALSE,Tree-cover loss,Fragmented control,10 km,10%,10% 10 km,Profile contrast,Fragmented control,FALSE,accepted or diagnostic fit
tree_cover_loss,Fragmented control,tau010,buffer_20km,-1.09956463366783,-1.41030828908055,-0.788820978255101,sparse_two_stage_weighted,-1.1717332924866,0.07216865881877,FALSE,Tree-cover loss,Fragmented control,20 km,10%,10% 20 km,Profile contrast,Fragmented control,FALSE,accepted or diagnostic fit
tree_cover_loss,Fragmented control,tau025,all_cells,-1.1717332924866,-1.7272551533537,-0.616211431619489,sparse_two_stage_weighted,-1.1717332924866,0,FALSE,Tree-cover loss,Fragmented control,All cells,25%,25% All cells,Profile contrast,Fragmented control,FALSE,accepted or diagnostic fit
tree_cover_loss,Fragmented control,tau025,buffer_05km,-0.269069791875303,-0.715546708515628,0.177407124765023,sparse_two_stage_weighted,-1.1717332924866,0.902663500611294,TRUE,Tree-cover loss,Fragmented control,5 km,25%,25% 5 km,Profile contrast,Fragmented control,FALSE,accepted or diagnostic fit
tree_cover_loss,Fragmented control,tau025,buffer_10km,-0.846081473790374,-1.29294886235021,-0.399214085230542,sparse_two_stage_weighted,-1.1717332924866,0.325651818696223,FALSE,Tree-cover loss,Fragmented control,10 km,25%,25% 10 km,Profile contrast,Fragmented control,TRUE,accepted or diagnostic fit
tree_cover_loss,Fragmented control,tau025,buffer_20km,-0.986132733969093,-1.43676702328889,-0.535498444649298,sparse_two_stage_weighted,-1.1717332924866,0.185600558517503,FALSE,Tree-cover loss,Fragmented control,20 km,25%,25% 20 km,Profile contrast,Fragmented control,FALSE,accepted or diagnostic fit
tree_cover_loss,Fragmented control,tau050,all_cells,0.00357006222815789,-0.884323488066092,0.891463612522408,sparse_two_stage_weighted,-1.1717332924866,1.17530335471475,TRUE,Tree-cover loss,Fragmented control,All cells,50%,50% All cells,Profile contrast,Fragmented control,FALSE,accepted or diagnostic fit
tree_cover_loss,Fragmented control,tau050,buffer_05km,0.424320241664272,0.218475087104358,0.630165396224187,sparse_two_stage_weighted,-1.1717332924866,1.59605353415087,FALSE,Tree-cover loss,Fragmented control,5 km,50%,50% 5 km,Profile contrast,Fragmented control,FALSE,accepted or diagnostic fit
tree_cover_loss,Fragmented control,tau050,buffer_10km,0.0540757058438248,-0.332273708043562,0.440425119731212,sparse_two_stage_weighted,-1.1717332924866,1.22580899833042,TRUE,Tree-cover loss,Fragmented control,10 km,50%,50% 10 km,Profile contrast,Fragmented control,FALSE,accepted or diagnostic fit
tree_cover_loss,Fragmented control,tau050,buffer_20km,0.130351009918078,-0.295880327092436,0.556582346928592,sparse_two_stage_weighted,-1.1717332924866,1.30208430240467,TRUE,Tree-cover loss,Fragmented control,20 km,50%,50% 20 km,Profile contrast,Fragmented control,FALSE,accepted or diagnostic fit
tree_cover_loss,Park-centred control,tau010,all_cells,-2.06980808506295,-2.58243876160771,-1.55717740851818,sparse_two_stage_weighted,-2.60387496661614,0.534066881553193,FALSE,Tree-cover loss,Park-centred control,All cells,10%,10% All cells,Profile contrast,Park-centred control,FALSE,accepted or diagnostic fit
tree_cover_loss,Park-centred control,tau010,buffer_05km,-1.08686147387148,-1.47065733114884,-0.703065616594117,sparse_two_stage_weighted,-2.60387496661614,1.51701349274466,FALSE,Tree-cover loss,Park-centred control,5 km,10%,10% 5 km,Profile contrast,Park-centred control,FALSE,accepted or diagnostic fit
tree_cover_loss,Park-centred control,tau010,buffer_10km,-1.44277318681612,-1.88896864993014,-0.996577723702091,sparse_two_stage_weighted,-2.60387496661614,1.16110177980002,FALSE,Tree-cover loss,Park-centred control,10 km,10%,10% 10 km,Profile contrast,Park-centred control,FALSE,accepted or diagnostic fit
tree_cover_loss,Park-centred control,tau010,buffer_20km,-1.77652735321961,-2.37326920099405,-1.17978550544517,sparse_two_stage_weighted,-2.60387496661614,0.827347613396529,FALSE,Tree-cover loss,Park-centred control,20 km,10%,10% 20 km,Profile contrast,Park-centred control,FALSE,accepted or diagnostic fit
tree_cover_loss,Park-centred control,tau025,all_cells,-2.60387496661614,-3.40015021003157,-1.80759972320071,sparse_two_stage_weighted,-2.60387496661614,0,FALSE,Tree-cover loss,Park-centred control,All cells,25%,25% All cells,Profile contrast,Park-centred control,FALSE,accepted or diagnostic fit
tree_cover_loss,Park-centred control,tau025,buffer_05km,-0.874189846920088,-1.4506137906919,-0.297765903148278,sparse_two_stage_weighted,-2.60387496661614,1.72968511969605,FALSE,Tree-cover loss,Park-centred control,5 km,25%,25% 5 km,Profile contrast,Park-centred control,FALSE,accepted or diagnostic fit
tree_cover_loss,Park-centred control,tau025,buffer_10km,-1.43025410197535,-1.9411127128937,-0.919395491057002,sparse_two_stage_weighted,-2.60387496661614,1.17362086464079,FALSE,Tree-cover loss,Park-centred control,10 km,25%,25% 10 km,Profile contrast,Park-centred control,TRUE,accepted or diagnostic fit
tree_cover_loss,Park-centred control,tau025,buffer_20km,-1.93248235382747,-2.59491117569493,-1.27005353196001,sparse_two_stage_weighted,-2.60387496661614,0.671392612788672,FALSE,Tree-cover loss,Park-centred control,20 km,25%,25% 20 km,Profile contrast,Park-centred control,FALSE,accepted or diagnostic fit
tree_cover_loss,Park-centred control,tau050,all_cells,-1.41399520982293,-1.90282307932881,-0.925167340317046,sparse_two_stage_weighted,-2.60387496661614,1.18987975679321,FALSE,Tree-cover loss,Park-centred control,All cells,50%,50% All cells,Profile contrast,Park-centred control,FALSE,accepted or diagnostic fit
tree_cover_loss,Park-centred control,tau050,buffer_05km,0.0991727619304427,-0.280132304269128,0.478477828130013,sparse_two_stage_weighted,-2.60387496661614,2.70304772854658,TRUE,Tree-cover loss,Park-centred control,5 km,50%,50% 5 km,Profile contrast,Park-centred control,FALSE,accepted or diagnostic fit
tree_cover_loss,Park-centred control,tau050,buffer_10km,-0.0182456364402126,-0.520662272407717,0.484170999527292,sparse_two_stage_weighted,-2.60387496661614,2.58562933017593,TRUE,Tree-cover loss,Park-centred control,10 km,50%,50% 10 km,Profile contrast,Park-centred control,FALSE,accepted or diagnostic fit
tree_cover_loss,Park-centred control,tau050,buffer_20km,-0.610733938391843,-1.17437441510993,-0.0470934616737553,sparse_two_stage_weighted,-2.60387496661614,1.9931410282243,FALSE,Tree-cover loss,Park-centred control,20 km,50%,50% 20 km,Profile contrast,Park-centred control,FALSE,accepted or diagnostic fit
