Outcome,Boundary centre,Boundary role,Comparison,Estimate,Lower 95%,Upper 95%,Fit validity,Boundary-specificity classification
Agricultural expansion,-20,inner descriptive check,Militia-centred control minus Fragmented control,0.097449290126063,-0.101061303090511,0.295959883342637,accepted two-stage estimate,
Agricultural expansion,-15,inner descriptive check,Militia-centred control minus Fragmented control,-0.269799359017974,-0.811044312332285,0.271445594296337,accepted two-stage estimate,
Agricultural expansion,0,legal boundary,Militia-centred control minus Fragmented control,-0.0647296164837915,-0.634439696893608,0.504980463926025,accepted two-stage estimate,
Agricultural expansion,15,dense outer gradient,Militia-centred control minus Fragmented control,0.609798873942074,-0.210989668812323,1.43058741669647,accepted two-stage estimate,
Agricultural expansion,20,primary spaced outer boundary,Militia-centred control minus Fragmented control,-0.26595794556471,-0.843752179211932,0.311836288082512,accepted two-stage estimate,
Agricultural expansion,25,dense outer gradient,Militia-centred control minus Fragmented control,-0.631344841025272,-1.40591451744102,0.143224835390475,accepted two-stage estimate,
Agricultural expansion,30,dense outer gradient,Militia-centred control minus Fragmented control,-0.348888748699409,-0.833363021742951,0.135585524344133,accepted two-stage estimate,
Agricultural expansion,35,dense outer gradient,Militia-centred control minus Fragmented control,-0.109489315389717,-0.498356748916817,0.279378118137383,accepted two-stage estimate,
Agricultural expansion,40,primary spaced outer boundary,Militia-centred control minus Fragmented control,-0.135738172517947,-0.563703338957582,0.292226993921689,accepted two-stage estimate,
Agricultural expansion,45,dense outer gradient,Militia-centred control minus Fragmented control,-0.115134751012937,-0.576910277307583,0.34664077528171,accepted two-stage estimate,
Agricultural expansion,50,dense outer gradient,Militia-centred control minus Fragmented control,-0.111808933322578,-0.578055783026086,0.35443791638093,accepted two-stage estimate,
Agricultural expansion,55,dense outer gradient,Militia-centred control minus Fragmented control,0.096415766901378,-0.410469939044064,0.60330147284682,accepted two-stage estimate,
Agricultural expansion,60,primary spaced outer boundary,Militia-centred control minus Fragmented control,0.287447050038893,-0.12303293764828,0.697927037726066,accepted two-stage estimate,
Agricultural expansion,-20,inner descriptive check,Park-centred control minus Fragmented control,0.0884858914482998,-0.0925715332632072,0.269543316159807,accepted two-stage estimate,
Agricultural expansion,-15,inner descriptive check,Park-centred control minus Fragmented control,-0.345581946220086,-0.979936846372986,0.288772953932815,accepted two-stage estimate,
Agricultural expansion,0,legal boundary,Park-centred control minus Fragmented control,-0.633446962428786,-1.24385778329436,-0.0230361415632143,accepted two-stage estimate,
Agricultural expansion,15,dense outer gradient,Park-centred control minus Fragmented control,0.486843927048269,-0.405722457424135,1.37941031152067,accepted two-stage estimate,
Agricultural expansion,20,primary spaced outer boundary,Park-centred control minus Fragmented control,-0.198394739855906,-0.743588218787147,0.346798739075335,accepted two-stage estimate,
Agricultural expansion,25,dense outer gradient,Park-centred control minus Fragmented control,-0.298657714341659,-1.11267560675409,0.515360178070776,accepted two-stage estimate,
Agricultural expansion,30,dense outer gradient,Park-centred control minus Fragmented control,0.459613626719356,-0.109133519933211,1.02836077337192,accepted two-stage estimate,
Agricultural expansion,35,dense outer gradient,Park-centred control minus Fragmented control,-0.0916013657942442,-0.396101941073731,0.212899209485243,accepted two-stage estimate,
Agricultural expansion,40,primary spaced outer boundary,Park-centred control minus Fragmented control,-0.37381302289078,-0.936270132030968,0.188644086249407,accepted two-stage estimate,
Agricultural expansion,45,dense outer gradient,Park-centred control minus Fragmented control,-0.115134085659797,-0.671196632842375,0.440928461522782,accepted two-stage estimate,
Agricultural expansion,50,dense outer gradient,Park-centred control minus Fragmented control,-0.201029914118534,-0.70665288080912,0.304593052572051,accepted two-stage estimate,
Agricultural expansion,55,dense outer gradient,Park-centred control minus Fragmented control,-0.365047950817029,-0.949501697908936,0.219405796274877,accepted two-stage estimate,
Agricultural expansion,60,primary spaced outer boundary,Park-centred control minus Fragmented control,0.255603918952815,-0.104714606569628,0.615922444475259,accepted two-stage estimate,
Agricultural expansion,-20,inner descriptive check,Park-centred control minus Militia-centred control,-0.00896339867776323,-0.0414367488887202,0.0235099515331938,accepted two-stage estimate,
Agricultural expansion,-15,inner descriptive check,Park-centred control minus Militia-centred control,-0.075782587202112,-0.680184093490902,0.528618919086678,accepted two-stage estimate,
Agricultural expansion,0,legal boundary,Park-centred control minus Militia-centred control,-0.568717345944994,-1.00092366706052,-0.136511024829467,accepted two-stage estimate,
Agricultural expansion,15,dense outer gradient,Park-centred control minus Militia-centred control,-0.122954946893805,-1.25275720883237,1.00684731504476,accepted two-stage estimate,
Agricultural expansion,20,primary spaced outer boundary,Park-centred control minus Militia-centred control,0.0675632057088041,-0.48063034861339,0.615756760030998,accepted two-stage estimate,
Agricultural expansion,25,dense outer gradient,Park-centred control minus Militia-centred control,0.332687126683612,-0.707661543615518,1.37303579698274,accepted two-stage estimate,
Agricultural expansion,30,dense outer gradient,Park-centred control minus Militia-centred control,0.808502375418765,0.278229527548444,1.33877522328909,accepted two-stage estimate,
Agricultural expansion,35,dense outer gradient,Park-centred control minus Militia-centred control,0.017887949595473,-0.251565545489288,0.287341444680234,accepted two-stage estimate,
Agricultural expansion,40,primary spaced outer boundary,Park-centred control minus Militia-centred control,-0.238074850372834,-0.786799157985172,0.310649457239505,accepted two-stage estimate,
Agricultural expansion,45,dense outer gradient,Park-centred control minus Militia-centred control,6.65353140000269e-07,-0.534093453609122,0.534094784315402,accepted two-stage estimate,
Agricultural expansion,50,dense outer gradient,Park-centred control minus Militia-centred control,-0.0892209807959559,-0.601187771249875,0.422745809657963,accepted two-stage estimate,
Agricultural expansion,55,dense outer gradient,Park-centred control minus Militia-centred control,-0.461463717718408,-1.01790432741564,0.0949768919788226,accepted two-stage estimate,
Agricultural expansion,60,primary spaced outer boundary,Park-centred control minus Militia-centred control,-0.0318431310860776,-0.405448809243813,0.341762547071657,accepted two-stage estimate,
Fire,-20,inner descriptive check,Militia-centred control minus Fragmented control,-0.165220284643166,-0.375402742296812,0.0449621730104807,strict-valid,
Fire,-15,inner descriptive check,Militia-centred control minus Fragmented control,-0.083578681681433,-0.24902268215744,0.0818653187945738,strict-valid,
Fire,0,legal boundary,Militia-centred control minus Fragmented control,-0.159579306386865,-0.246668519832352,-0.0724900929413787,strict-valid,
Fire,15,dense outer gradient,Militia-centred control minus Fragmented control,0.109251257010739,-0.0126346097737439,0.231137123795221,strict-valid,
Fire,20,primary spaced outer boundary,Militia-centred control minus Fragmented control,0.0908928669195537,,,finite/numerically stable but not strict-valid,
Fire,25,dense outer gradient,Militia-centred control minus Fragmented control,0.0238910708378553,,,finite/numerically stable but not strict-valid,
Fire,30,dense outer gradient,Militia-centred control minus Fragmented control,0.0224522354589703,-0.0666161571315201,0.111520628049461,strict-valid,
Fire,35,dense outer gradient,Militia-centred control minus Fragmented control,-0.010427228028206,,,finite/numerically stable but not strict-valid,
Fire,40,primary spaced outer boundary,Militia-centred control minus Fragmented control,-0.0353398895432382,,,finite/numerically stable but not strict-valid,
Fire,45,dense outer gradient,Militia-centred control minus Fragmented control,0.00730465635601931,,,finite/numerically stable but not strict-valid,
Fire,50,dense outer gradient,Militia-centred control minus Fragmented control,-0.0123688372862229,,,finite/numerically stable but not strict-valid,
Fire,55,dense outer gradient,Militia-centred control minus Fragmented control,-0.0948152053445774,,,finite/numerically stable but not strict-valid,
Fire,60,primary spaced outer boundary,Militia-centred control minus Fragmented control,-0.0597530294404213,-0.168583308711462,0.049077249830619,strict-valid,
Fire,-20,inner descriptive check,Park-centred control minus Fragmented control,-0.188318356502252,-0.389865821232281,0.0132291082277776,strict-valid,
Fire,-15,inner descriptive check,Park-centred control minus Fragmented control,-0.0449152899641623,-0.203264906447207,0.113434326518882,strict-valid,
Fire,0,legal boundary,Park-centred control minus Fragmented control,-0.102460211716044,-0.186033583524105,-0.0188868399079833,strict-valid,
Fire,15,dense outer gradient,Park-centred control minus Fragmented control,-0.0341744631746722,-0.150987711662376,0.0826387853130312,strict-valid,
Fire,20,primary spaced outer boundary,Park-centred control minus Fragmented control,0.0559748183121378,,,finite/numerically stable but not strict-valid,
Fire,25,dense outer gradient,Park-centred control minus Fragmented control,0.136602687551553,,,finite/numerically stable but not strict-valid,
Fire,30,dense outer gradient,Park-centred control minus Fragmented control,0.0914460367107834,0.00506819109318769,0.177823882328379,strict-valid,
Fire,35,dense outer gradient,Park-centred control minus Fragmented control,-0.0944540851306463,,,finite/numerically stable but not strict-valid,
Fire,40,primary spaced outer boundary,Park-centred control minus Fragmented control,-0.170057122471556,,,finite/numerically stable but not strict-valid,
Fire,45,dense outer gradient,Park-centred control minus Fragmented control,-0.124009894788419,,,finite/numerically stable but not strict-valid,
Fire,50,dense outer gradient,Park-centred control minus Fragmented control,-0.0906737617819465,,,finite/numerically stable but not strict-valid,
Fire,55,dense outer gradient,Park-centred control minus Fragmented control,-0.099083064096709,,,finite/numerically stable but not strict-valid,
Fire,60,primary spaced outer boundary,Park-centred control minus Fragmented control,0.0178951193269703,-0.0867708548039138,0.122561093457854,strict-valid,
Fire,-20,inner descriptive check,Park-centred control minus Militia-centred control,-0.0230980718590862,-0.234089789442103,0.187893645723931,strict-valid,
Fire,-15,inner descriptive check,Park-centred control minus Militia-centred control,0.0386633917172707,-0.127973878674923,0.205300662109464,strict-valid,
Fire,0,legal boundary,Park-centred control minus Militia-centred control,0.0571190946708212,-0.0310364917718946,0.145274681113537,strict-valid,
Fire,15,dense outer gradient,Park-centred control minus Militia-centred control,-0.143425720185411,-0.266817134735993,-0.0200343056348282,strict-valid,
Fire,20,primary spaced outer boundary,Park-centred control minus Militia-centred control,-0.0349180486074159,,,finite/numerically stable but not strict-valid,
Fire,25,dense outer gradient,Park-centred control minus Militia-centred control,0.112711616713697,,,finite/numerically stable but not strict-valid,
Fire,30,dense outer gradient,Park-centred control minus Militia-centred control,0.0689938012518132,-0.0212040358070246,0.159191638310651,strict-valid,
Fire,35,dense outer gradient,Park-centred control minus Militia-centred control,-0.0840268571024403,,,finite/numerically stable but not strict-valid,
Fire,40,primary spaced outer boundary,Park-centred control minus Militia-centred control,-0.134717232928318,,,finite/numerically stable but not strict-valid,
Fire,45,dense outer gradient,Park-centred control minus Militia-centred control,-0.131314551144438,,,finite/numerically stable but not strict-valid,
Fire,50,dense outer gradient,Park-centred control minus Militia-centred control,-0.0783049244957237,,,finite/numerically stable but not strict-valid,
Fire,55,dense outer gradient,Park-centred control minus Militia-centred control,-0.00426785875213168,,,finite/numerically stable but not strict-valid,
Fire,60,primary spaced outer boundary,Park-centred control minus Militia-centred control,0.0776481487673916,-0.0327728196101633,0.188069117144946,strict-valid,
Tree-cover loss,-20,inner descriptive check,Militia-centred control minus Fragmented control,0.00357203808581556,-0.0568468981294958,0.0639909743011269,accepted two-stage estimate,
Tree-cover loss,-15,inner descriptive check,Militia-centred control minus Fragmented control,0.322287632240801,-0.0761348043780697,0.720710068859671,accepted two-stage estimate,
Tree-cover loss,0,legal boundary,Militia-centred control minus Fragmented control,-0.0517637594727072,-0.814222349695374,0.710694830749959,accepted two-stage estimate,
Tree-cover loss,15,dense outer gradient,Militia-centred control minus Fragmented control,-0.0141604143357168,-0.526103362894455,0.497782534223022,accepted two-stage estimate,
Tree-cover loss,20,primary spaced outer boundary,Militia-centred control minus Fragmented control,0.525013650214508,-0.00699262985825266,1.05701993028727,accepted two-stage estimate,
Tree-cover loss,25,dense outer gradient,Militia-centred control minus Fragmented control,0.0169446302067163,-0.718305007149479,0.752194267562911,accepted two-stage estimate,
Tree-cover loss,30,dense outer gradient,Militia-centred control minus Fragmented control,-0.194587481199509,-0.897433841527683,0.508258879128664,accepted two-stage estimate,
Tree-cover loss,35,dense outer gradient,Militia-centred control minus Fragmented control,0.0481753822528827,-0.445859681295232,0.542210445800997,accepted two-stage estimate,
Tree-cover loss,40,primary spaced outer boundary,Militia-centred control minus Fragmented control,-0.200252517065528,-0.659948609111883,0.259443574980826,accepted two-stage estimate,
Tree-cover loss,45,dense outer gradient,Militia-centred control minus Fragmented control,-0.518330093748028,-0.960494556118531,-0.0761656313775261,accepted two-stage estimate,
Tree-cover loss,50,dense outer gradient,Militia-centred control minus Fragmented control,-0.365294677561372,-0.994199542183883,0.263610187061138,accepted two-stage estimate,
Tree-cover loss,55,dense outer gradient,Militia-centred control minus Fragmented control,0.126719293845609,-0.115096168569911,0.368534756261128,accepted two-stage estimate,
Tree-cover loss,60,primary spaced outer boundary,Militia-centred control minus Fragmented control,0.407565482270049,-0.0808556551053563,0.895986619645454,accepted two-stage estimate,
Tree-cover loss,-20,inner descriptive check,Park-centred control minus Fragmented control,0.0235133979744034,-0.295382080258577,0.342408876207384,accepted two-stage estimate,
Tree-cover loss,-15,inner descriptive check,Park-centred control minus Fragmented control,0.273911369990669,-0.316572745402612,0.864395485383949,accepted two-stage estimate,
Tree-cover loss,0,legal boundary,Park-centred control minus Fragmented control,-0.584172628184976,-1.25535322942294,0.0870079730529867,accepted two-stage estimate,
Tree-cover loss,15,dense outer gradient,Park-centred control minus Fragmented control,-0.782790487785151,-1.16248613615424,-0.403094839416062,accepted two-stage estimate,
Tree-cover loss,20,primary spaced outer boundary,Park-centred control minus Fragmented control,-0.0244595924465097,-0.456110724926291,0.407191540033272,accepted two-stage estimate,
Tree-cover loss,25,dense outer gradient,Park-centred control minus Fragmented control,-0.116471257201828,-0.772419542459731,0.539477028056074,accepted two-stage estimate,
Tree-cover loss,30,dense outer gradient,Park-centred control minus Fragmented control,0.15140916215879,-0.493573150375077,0.796391474692656,accepted two-stage estimate,
Tree-cover loss,35,dense outer gradient,Park-centred control minus Fragmented control,0.740222019446801,0.338810409844398,1.1416336290492,accepted two-stage estimate,
Tree-cover loss,40,primary spaced outer boundary,Park-centred control minus Fragmented control,0.125999711218493,-0.219728869757321,0.471728292194307,accepted two-stage estimate,
Tree-cover loss,45,dense outer gradient,Park-centred control minus Fragmented control,-0.572168991541994,-1.08048121962124,-0.0638567634627485,accepted two-stage estimate,
Tree-cover loss,50,dense outer gradient,Park-centred control minus Fragmented control,-0.591728982950738,-1.13863201337235,-0.0448259525291275,accepted two-stage estimate,
Tree-cover loss,55,dense outer gradient,Park-centred control minus Fragmented control,-0.3329422186184,-0.746979513263712,0.0810950760269118,accepted two-stage estimate,
Tree-cover loss,60,primary spaced outer boundary,Park-centred control minus Fragmented control,0.0282798970731286,-0.399128173365763,0.45568796751202,accepted two-stage estimate,
Tree-cover loss,-20,inner descriptive check,Park-centred control minus Militia-centred control,0.0199413598885878,-0.298010341394283,0.337893061171459,accepted two-stage estimate,
Tree-cover loss,-15,inner descriptive check,Park-centred control minus Militia-centred control,-0.048376262250132,-0.598067473553398,0.501314949053135,accepted two-stage estimate,
Tree-cover loss,0,legal boundary,Park-centred control minus Militia-centred control,-0.532408868712269,-1.32116053973269,0.256342802308155,accepted two-stage estimate,
Tree-cover loss,15,dense outer gradient,Park-centred control minus Militia-centred control,-0.768630073449434,-1.2947026268819,-0.242557520016972,accepted two-stage estimate,
Tree-cover loss,20,primary spaced outer boundary,Park-centred control minus Militia-centred control,-0.549473242661017,-1.10076556266858,0.00181907734654307,accepted two-stage estimate,
Tree-cover loss,25,dense outer gradient,Park-centred control minus Militia-centred control,-0.133415887408545,-0.654744256007548,0.387912481190459,accepted two-stage estimate,
Tree-cover loss,30,dense outer gradient,Park-centred control minus Militia-centred control,0.345996643358299,-0.00306410621358427,0.695057392930182,accepted two-stage estimate,
Tree-cover loss,35,dense outer gradient,Park-centred control minus Militia-centred control,0.692046637193918,0.211749287343523,1.17234398704431,accepted two-stage estimate,
Tree-cover loss,40,primary spaced outer boundary,Park-centred control minus Militia-centred control,0.326252228284022,-0.200813206178132,0.853317662746175,accepted two-stage estimate,
Tree-cover loss,45,dense outer gradient,Park-centred control minus Militia-centred control,-0.053838897793966,-0.574335853661721,0.466658058073788,accepted two-stage estimate,
Tree-cover loss,50,dense outer gradient,Park-centred control minus Militia-centred control,-0.226434305389365,-0.847585041614159,0.394716430835428,accepted two-stage estimate,
Tree-cover loss,55,dense outer gradient,Park-centred control minus Militia-centred control,-0.459661512464009,-0.869607514235519,-0.0497155106924978,accepted two-stage estimate,
Tree-cover loss,60,primary spaced outer boundary,Park-centred control minus Militia-centred control,-0.37928558519692,-0.933374800927156,0.174803630533315,accepted two-stage estimate,
